-- phpMyAdmin SQL Dump
-- version 5.2.1
-- https://www.phpmyadmin.net/
--
-- Host: 127.0.0.1
-- Generation Time: Apr 07, 2026 at 02:07 PM
-- Server version: 10.4.32-MariaDB
-- PHP Version: 8.2.12

SET SQL_MODE = "NO_AUTO_VALUE_ON_ZERO";
START TRANSACTION;
SET time_zone = "+00:00";


/*!40101 SET @OLD_CHARACTER_SET_CLIENT=@@CHARACTER_SET_CLIENT */;
/*!40101 SET @OLD_CHARACTER_SET_RESULTS=@@CHARACTER_SET_RESULTS */;
/*!40101 SET @OLD_COLLATION_CONNECTION=@@COLLATION_CONNECTION */;
/*!40101 SET NAMES utf8mb4 */;

--
-- Database: `kpi_system`
--

-- --------------------------------------------------------

--
-- Table structure for table `kpi_master`
--

CREATE TABLE `kpi_master` (
  `kpi_id` int(11) NOT NULL,
  `kpi_code` varchar(20) NOT NULL,
  `section` varchar(100) NOT NULL,
  `kpi_group` varchar(200) NOT NULL,
  `kpi_description` text NOT NULL,
  `weight_percentage` decimal(5,2) NOT NULL,
  `section_number` int(11) NOT NULL COMMENT '1=Core Competencies, 2=KPI Achievement',
  `display_order` int(11) NOT NULL,
  `created_at` timestamp NOT NULL DEFAULT current_timestamp()
) ENGINE=InnoDB DEFAULT CHARSET=utf8mb4 COLLATE=utf8mb4_general_ci;

--
-- Dumping data for table `kpi_master`
--

INSERT INTO `kpi_master` (`kpi_id`, `kpi_code`, `section`, `kpi_group`, `kpi_description`, `weight_percentage`, `section_number`, `display_order`, `created_at`) VALUES
(1, 'CC1', 'Core Competencies', 'Communication', 'Verbal Communication Skills', 3.33, 1, 1, '2026-03-17 14:17:28'),
(2, 'CC2', 'Core Competencies', 'Communication', 'Written Communication Skills', 3.33, 1, 2, '2026-03-17 14:17:28'),
(3, 'CC3', 'Core Competencies', 'Teamwork', 'Team Collaboration', 3.34, 1, 3, '2026-03-17 14:17:28'),
(4, 'KPI1', 'KPI Achievement', 'Daily Sales Operations', 'Sales Target Achievement', 5.00, 2, 1, '2026-03-17 14:17:28'),
(5, 'KPI2', 'KPI Achievement', 'Daily Sales Operations', 'Customer Service Quality', 5.00, 2, 2, '2026-03-17 14:17:28'),
(6, 'KPI3', 'KPI Achievement', 'Daily Sales Operations', 'Product Knowledge', 5.00, 2, 3, '2026-03-17 14:17:28'),
(7, 'KPI4', 'KPI Achievement', 'Daily Sales Operations', 'Sales Process Compliance', 5.00, 2, 4, '2026-03-17 14:17:28'),
(8, 'KPI5', 'KPI Achievement', 'Customer Relations', 'Customer Satisfaction', 5.00, 2, 5, '2026-03-17 14:17:28'),
(9, 'KPI6', 'KPI Achievement', 'Customer Relations', 'Customer Retention', 5.00, 2, 6, '2026-03-17 14:17:28'),
(10, 'KPI7', 'KPI Achievement', 'Customer Relations', 'Complaint Resolution', 5.00, 2, 7, '2026-03-17 14:17:28'),
(11, 'KPI8', 'KPI Achievement', 'Store Operations', 'Store Cleanliness', 10.00, 2, 8, '2026-03-17 14:17:28'),
(12, 'KPI9', 'KPI Achievement', 'Store Operations', 'Inventory Management', 10.00, 2, 9, '2026-03-17 14:17:28'),
(13, 'KPI10', 'KPI Achievement', 'Personal Development', 'Training Completion', 3.75, 2, 10, '2026-03-17 14:17:28'),
(14, 'KPI11', 'KPI Achievement', 'Personal Development', 'Self-Improvement', 3.75, 2, 11, '2026-03-17 14:17:28'),
(15, 'KPI12', 'KPI Achievement', 'Personal Development', 'Goal Achievement', 3.75, 2, 12, '2026-03-17 14:17:28'),
(16, 'KPI13', 'KPI Achievement', 'Personal Development', 'Initiative Taking', 3.75, 2, 13, '2026-03-17 14:17:28'),
(17, 'KPI14', 'KPI Achievement', 'Operational Excellence', 'Cost Control', 5.00, 2, 14, '2026-03-17 14:17:28'),
(18, 'KPI15', 'KPI Achievement', 'Operational Excellence', 'Time Management', 5.00, 2, 15, '2026-03-17 14:17:28'),
(19, 'KPI16', 'KPI Achievement', 'Operational Excellence', 'Process Improvement', 3.33, 2, 16, '2026-03-17 14:17:28'),
(20, 'KPI17', 'KPI Achievement', 'Operational Excellence', 'Quality Standards', 3.33, 2, 17, '2026-03-17 14:17:28'),
(21, 'KPI18', 'KPI Achievement', 'Operational Excellence', 'Safety Compliance', 3.34, 2, 18, '2026-03-17 14:17:28');

-- --------------------------------------------------------

--
-- Table structure for table `kpi_scores`
--

CREATE TABLE `kpi_scores` (
  `score_id` int(11) NOT NULL,
  `staff_id` int(11) NOT NULL,
  `kpi_code` varchar(20) NOT NULL,
  `evaluation_date` date NOT NULL,
  `evaluation_year` int(11) NOT NULL,
  `score` decimal(3,2) NOT NULL CHECK (`score` >= 1 and `score` <= 5),
  `weighted_score` decimal(5,4) NOT NULL,
  `created_at` timestamp NOT NULL DEFAULT current_timestamp(),
  `updated_at` timestamp NOT NULL DEFAULT current_timestamp() ON UPDATE current_timestamp()
) ENGINE=InnoDB DEFAULT CHARSET=utf8mb4 COLLATE=utf8mb4_general_ci;

--
-- Dumping data for table `kpi_scores`
--

INSERT INTO `kpi_scores` (`score_id`, `staff_id`, `kpi_code`, `evaluation_date`, `evaluation_year`, `score`, `weighted_score`, `created_at`, `updated_at`) VALUES
(1, 1, 'CC1', '2022-12-31', 2022, 4.80, 0.1598, '2026-03-18 04:44:41', '2026-03-18 04:44:41'),
(2, 1, 'CC2', '2022-12-31', 2022, 4.50, 0.1499, '2026-03-18 04:44:41', '2026-03-18 04:44:41'),
(3, 1, 'CC3', '2022-12-31', 2022, 4.70, 0.1570, '2026-03-18 04:44:41', '2026-03-18 04:44:41'),
(4, 1, 'KPI1', '2022-12-31', 2022, 4.90, 0.2450, '2026-03-18 04:44:41', '2026-03-18 04:44:41'),
(5, 1, 'KPI2', '2022-12-31', 2022, 4.60, 0.2300, '2026-03-18 04:44:41', '2026-03-18 04:44:41'),
(6, 1, 'KPI3', '2022-12-31', 2022, 4.80, 0.2400, '2026-03-18 04:44:41', '2026-03-18 04:44:41'),
(7, 1, 'KPI4', '2022-12-31', 2022, 4.70, 0.2350, '2026-03-18 04:44:41', '2026-03-18 04:44:41'),
(8, 1, 'KPI5', '2022-12-31', 2022, 4.50, 0.2250, '2026-03-18 04:44:41', '2026-03-18 04:44:41'),
(9, 1, 'KPI6', '2022-12-31', 2022, 4.60, 0.2300, '2026-03-18 04:44:41', '2026-03-18 04:44:41'),
(10, 1, 'KPI7', '2022-12-31', 2022, 4.40, 0.2200, '2026-03-18 04:44:41', '2026-03-18 04:44:41'),
(11, 1, 'KPI8', '2022-12-31', 2022, 4.80, 0.4800, '2026-03-18 04:44:41', '2026-03-18 04:44:41'),
(12, 1, 'KPI9', '2022-12-31', 2022, 4.70, 0.4700, '2026-03-18 04:44:41', '2026-03-18 04:44:41'),
(13, 1, 'KPI10', '2022-12-31', 2022, 4.50, 0.1688, '2026-03-18 04:44:41', '2026-03-18 04:44:41'),
(14, 1, 'KPI11', '2022-12-31', 2022, 4.60, 0.1725, '2026-03-18 04:44:41', '2026-03-18 04:44:41'),
(15, 1, 'KPI12', '2022-12-31', 2022, 4.40, 0.1650, '2026-03-18 04:44:41', '2026-03-18 04:44:41'),
(16, 1, 'KPI13', '2022-12-31', 2022, 4.50, 0.1688, '2026-03-18 04:44:41', '2026-03-18 04:44:41'),
(17, 1, 'KPI14', '2022-12-31', 2022, 4.30, 0.2150, '2026-03-18 04:44:41', '2026-03-18 04:44:41'),
(18, 1, 'KPI15', '2022-12-31', 2022, 4.40, 0.2200, '2026-03-18 04:44:41', '2026-03-18 04:44:41'),
(19, 1, 'KPI16', '2022-12-31', 2022, 4.60, 0.1533, '2026-03-18 04:44:41', '2026-03-18 04:44:41'),
(20, 1, 'KPI17', '2022-12-31', 2022, 4.50, 0.1500, '2026-03-18 04:44:41', '2026-03-18 04:44:41'),
(21, 1, 'KPI18', '2022-12-31', 2022, 4.40, 0.1467, '2026-03-18 04:44:41', '2026-03-18 04:44:41'),
(22, 2, 'CC1', '2022-12-31', 2022, 3.50, 0.1166, '2026-03-18 04:44:41', '2026-03-18 04:44:41'),
(23, 2, 'CC2', '2022-12-31', 2022, 3.20, 0.1066, '2026-03-18 04:44:41', '2026-03-18 04:44:41'),
(24, 2, 'CC3', '2022-12-31', 2022, 3.40, 0.1136, '2026-03-18 04:44:41', '2026-03-18 04:44:41'),
(25, 2, 'KPI1', '2022-12-31', 2022, 3.80, 0.1900, '2026-03-18 04:44:41', '2026-03-18 04:44:41'),
(26, 2, 'KPI2', '2022-12-31', 2022, 3.60, 0.1800, '2026-03-18 04:44:41', '2026-03-18 04:44:41'),
(27, 2, 'KPI3', '2022-12-31', 2022, 3.70, 0.1850, '2026-03-18 04:44:41', '2026-03-18 04:44:41'),
(28, 2, 'KPI4', '2022-12-31', 2022, 3.50, 0.1750, '2026-03-18 04:44:41', '2026-03-18 04:44:41'),
(29, 2, 'KPI5', '2022-12-31', 2022, 2.50, 0.1250, '2026-03-18 04:44:41', '2026-03-18 04:44:41'),
(30, 2, 'KPI6', '2022-12-31', 2022, 2.30, 0.1150, '2026-03-18 04:44:41', '2026-03-18 04:44:41'),
(31, 2, 'KPI7', '2022-12-31', 2022, 2.40, 0.1200, '2026-03-18 04:44:41', '2026-03-18 04:44:41'),
(32, 2, 'KPI8', '2022-12-31', 2022, 3.60, 0.3600, '2026-03-18 04:44:41', '2026-03-18 04:44:41'),
(33, 2, 'KPI9', '2022-12-31', 2022, 3.50, 0.3500, '2026-03-18 04:44:41', '2026-03-18 04:44:41'),
(34, 2, 'KPI10', '2022-12-31', 2022, 3.40, 0.1275, '2026-03-18 04:44:41', '2026-03-18 04:44:41'),
(35, 2, 'KPI11', '2022-12-31', 2022, 3.30, 0.1238, '2026-03-18 04:44:41', '2026-03-18 04:44:41'),
(36, 2, 'KPI12', '2022-12-31', 2022, 3.20, 0.1200, '2026-03-18 04:44:41', '2026-03-18 04:44:41'),
(37, 2, 'KPI13', '2022-12-31', 2022, 3.40, 0.1275, '2026-03-18 04:44:41', '2026-03-18 04:44:41'),
(38, 2, 'KPI14', '2022-12-31', 2022, 3.50, 0.1750, '2026-03-18 04:44:41', '2026-03-18 04:44:41'),
(39, 2, 'KPI15', '2022-12-31', 2022, 3.30, 0.1650, '2026-03-18 04:44:41', '2026-03-18 04:44:41'),
(40, 2, 'KPI16', '2022-12-31', 2022, 3.60, 0.1200, '2026-03-18 04:44:41', '2026-03-18 04:44:41'),
(41, 2, 'KPI17', '2022-12-31', 2022, 3.40, 0.1133, '2026-03-18 04:44:41', '2026-03-18 04:44:41'),
(42, 2, 'KPI18', '2022-12-31', 2022, 3.50, 0.1167, '2026-03-18 04:44:41', '2026-03-18 04:44:41'),
(43, 3, 'CC1', '2022-12-31', 2022, 3.80, 0.1266, '2026-03-18 04:44:41', '2026-03-18 04:44:41'),
(44, 3, 'CC2', '2022-12-31', 2022, 4.00, 0.1332, '2026-03-18 04:44:41', '2026-03-18 04:44:41'),
(45, 3, 'CC3', '2022-12-31', 2022, 3.90, 0.1303, '2026-03-18 04:44:41', '2026-03-18 04:44:41'),
(46, 3, 'KPI1', '2022-12-31', 2022, 2.80, 0.1400, '2026-03-18 04:44:41', '2026-03-18 04:44:41'),
(47, 3, 'KPI2', '2022-12-31', 2022, 2.60, 0.1300, '2026-03-18 04:44:41', '2026-03-18 04:44:41'),
(48, 3, 'KPI3', '2022-12-31', 2022, 2.70, 0.1350, '2026-03-18 04:44:41', '2026-03-18 04:44:41'),
(49, 3, 'KPI4', '2022-12-31', 2022, 2.50, 0.1250, '2026-03-18 04:44:41', '2026-03-18 04:44:41'),
(50, 3, 'KPI5', '2022-12-31', 2022, 4.20, 0.2100, '2026-03-18 04:44:41', '2026-03-18 04:44:41'),
(51, 3, 'KPI6', '2022-12-31', 2022, 4.10, 0.2050, '2026-03-18 04:44:41', '2026-03-18 04:44:41'),
(52, 3, 'KPI7', '2022-12-31', 2022, 4.00, 0.2000, '2026-03-18 04:44:41', '2026-03-18 04:44:41'),
(53, 3, 'KPI8', '2022-12-31', 2022, 2.90, 0.2900, '2026-03-18 04:44:41', '2026-03-18 04:44:41'),
(54, 3, 'KPI9', '2022-12-31', 2022, 2.80, 0.2800, '2026-03-18 04:44:41', '2026-03-18 04:44:41'),
(55, 3, 'KPI10', '2022-12-31', 2022, 3.70, 0.1388, '2026-03-18 04:44:41', '2026-03-18 04:44:41'),
(56, 3, 'KPI11', '2022-12-31', 2022, 3.80, 0.1425, '2026-03-18 04:44:41', '2026-03-18 04:44:41'),
(57, 3, 'KPI12', '2022-12-31', 2022, 3.60, 0.1350, '2026-03-18 04:44:41', '2026-03-18 04:44:41'),
(58, 3, 'KPI13', '2022-12-31', 2022, 3.70, 0.1388, '2026-03-18 04:44:41', '2026-03-18 04:44:41'),
(59, 3, 'KPI14', '2022-12-31', 2022, 3.90, 0.1950, '2026-03-18 04:44:41', '2026-03-18 04:44:41'),
(60, 3, 'KPI15', '2022-12-31', 2022, 3.80, 0.1900, '2026-03-18 04:44:41', '2026-03-18 04:44:41'),
(61, 3, 'KPI16', '2022-12-31', 2022, 4.00, 0.1333, '2026-03-18 04:44:41', '2026-03-18 04:44:41'),
(62, 3, 'KPI17', '2022-12-31', 2022, 3.90, 0.1300, '2026-03-18 04:44:41', '2026-03-18 04:44:41'),
(63, 3, 'KPI18', '2022-12-31', 2022, 3.80, 0.1267, '2026-03-18 04:44:41', '2026-03-18 04:44:41'),
(64, 4, 'CC1', '2022-12-31', 2022, 4.00, 0.1332, '2026-03-18 04:44:41', '2026-03-18 04:44:41'),
(65, 4, 'CC2', '2022-12-31', 2022, 3.90, 0.1299, '2026-03-18 04:44:41', '2026-03-18 04:44:41'),
(66, 4, 'CC3', '2022-12-31', 2022, 4.10, 0.1370, '2026-03-18 04:44:41', '2026-03-18 04:44:41'),
(67, 4, 'KPI1', '2022-12-31', 2022, 4.20, 0.2100, '2026-03-18 04:44:41', '2026-03-18 04:44:41'),
(68, 4, 'KPI2', '2022-12-31', 2022, 4.00, 0.2000, '2026-03-18 04:44:41', '2026-03-18 04:44:41'),
(69, 4, 'KPI3', '2022-12-31', 2022, 4.10, 0.2050, '2026-03-18 04:44:41', '2026-03-18 04:44:41'),
(70, 4, 'KPI4', '2022-12-31', 2022, 3.90, 0.1950, '2026-03-18 04:44:41', '2026-03-18 04:44:41'),
(71, 4, 'KPI5', '2022-12-31', 2022, 4.00, 0.2000, '2026-03-18 04:44:41', '2026-03-18 04:44:41'),
(72, 4, 'KPI6', '2022-12-31', 2022, 3.80, 0.1900, '2026-03-18 04:44:41', '2026-03-18 04:44:41'),
(73, 4, 'KPI7', '2022-12-31', 2022, 3.90, 0.1950, '2026-03-18 04:44:41', '2026-03-18 04:44:41'),
(74, 4, 'KPI8', '2022-12-31', 2022, 4.10, 0.4100, '2026-03-18 04:44:41', '2026-03-18 04:44:41'),
(75, 4, 'KPI9', '2022-12-31', 2022, 4.00, 0.4000, '2026-03-18 04:44:41', '2026-03-18 04:44:41'),
(76, 4, 'KPI10', '2022-12-31', 2022, 3.80, 0.1425, '2026-03-18 04:44:41', '2026-03-18 04:44:41'),
(77, 4, 'KPI11', '2022-12-31', 2022, 3.70, 0.1388, '2026-03-18 04:44:41', '2026-03-18 04:44:41'),
(78, 4, 'KPI12', '2022-12-31', 2022, 3.90, 0.1463, '2026-03-18 04:44:41', '2026-03-18 04:44:41'),
(79, 4, 'KPI13', '2022-12-31', 2022, 3.80, 0.1425, '2026-03-18 04:44:41', '2026-03-18 04:44:41'),
(80, 4, 'KPI14', '2022-12-31', 2022, 2.60, 0.1300, '2026-03-18 04:44:41', '2026-03-18 04:44:41'),
(81, 4, 'KPI15', '2022-12-31', 2022, 2.50, 0.1250, '2026-03-18 04:44:41', '2026-03-18 04:44:41'),
(82, 4, 'KPI16', '2022-12-31', 2022, 2.80, 0.0933, '2026-03-18 04:44:41', '2026-03-18 04:44:41'),
(83, 4, 'KPI17', '2022-12-31', 2022, 2.70, 0.0900, '2026-03-18 04:44:41', '2026-03-18 04:44:41'),
(84, 4, 'KPI18', '2022-12-31', 2022, 2.60, 0.0867, '2026-03-18 04:44:41', '2026-03-18 04:44:41'),
(85, 5, 'CC1', '2022-12-31', 2022, 3.60, 0.1199, '2026-03-18 04:44:41', '2026-03-18 04:44:41'),
(86, 5, 'CC2', '2022-12-31', 2022, 3.50, 0.1166, '2026-03-18 04:44:41', '2026-03-18 04:44:41'),
(87, 5, 'CC3', '2022-12-31', 2022, 3.70, 0.1236, '2026-03-18 04:44:41', '2026-03-18 04:44:41'),
(88, 5, 'KPI1', '2022-12-31', 2022, 3.40, 0.1700, '2026-03-18 04:44:41', '2026-03-18 04:44:41'),
(89, 5, 'KPI2', '2022-12-31', 2022, 3.30, 0.1650, '2026-03-18 04:44:41', '2026-03-18 04:44:41'),
(90, 5, 'KPI3', '2022-12-31', 2022, 3.50, 0.1750, '2026-03-18 04:44:41', '2026-03-18 04:44:41'),
(91, 5, 'KPI4', '2022-12-31', 2022, 3.20, 0.1600, '2026-03-18 04:44:41', '2026-03-18 04:44:41'),
(92, 5, 'KPI5', '2022-12-31', 2022, 3.60, 0.1800, '2026-03-18 04:44:41', '2026-03-18 04:44:41'),
(93, 5, 'KPI6', '2022-12-31', 2022, 3.40, 0.1700, '2026-03-18 04:44:41', '2026-03-18 04:44:41'),
(94, 5, 'KPI7', '2022-12-31', 2022, 3.50, 0.1750, '2026-03-18 04:44:41', '2026-03-18 04:44:41'),
(95, 5, 'KPI8', '2022-12-31', 2022, 3.30, 0.3300, '2026-03-18 04:44:41', '2026-03-18 04:44:41'),
(96, 5, 'KPI9', '2022-12-31', 2022, 3.40, 0.3400, '2026-03-18 04:44:41', '2026-03-18 04:44:41'),
(97, 5, 'KPI10', '2022-12-31', 2022, 3.20, 0.1200, '2026-03-18 04:44:41', '2026-03-18 04:44:41'),
(98, 5, 'KPI11', '2022-12-31', 2022, 3.10, 0.1163, '2026-03-18 04:44:41', '2026-03-18 04:44:41'),
(99, 5, 'KPI12', '2022-12-31', 2022, 3.30, 0.1238, '2026-03-18 04:44:41', '2026-03-18 04:44:41'),
(100, 5, 'KPI13', '2022-12-31', 2022, 3.20, 0.1200, '2026-03-18 04:44:41', '2026-03-18 04:44:41'),
(101, 5, 'KPI14', '2022-12-31', 2022, 3.40, 0.1700, '2026-03-18 04:44:41', '2026-03-18 04:44:41'),
(102, 5, 'KPI15', '2022-12-31', 2022, 3.30, 0.1650, '2026-03-18 04:44:41', '2026-03-18 04:44:41'),
(103, 5, 'KPI16', '2022-12-31', 2022, 2.50, 0.0833, '2026-03-18 04:44:41', '2026-03-18 04:44:41'),
(104, 5, 'KPI17', '2022-12-31', 2022, 2.60, 0.0867, '2026-03-18 04:44:41', '2026-03-18 04:44:41'),
(105, 5, 'KPI18', '2022-12-31', 2022, 2.40, 0.0800, '2026-03-18 04:44:41', '2026-03-18 04:44:41'),
(106, 6, 'CC1', '2022-12-31', 2022, 2.80, 0.0932, '2026-03-18 04:44:41', '2026-03-18 04:44:41'),
(107, 6, 'CC2', '2022-12-31', 2022, 2.60, 0.0866, '2026-03-18 04:44:41', '2026-03-18 04:44:41'),
(108, 6, 'CC3', '2022-12-31', 2022, 2.70, 0.0903, '2026-03-18 04:44:41', '2026-03-18 04:44:41'),
(109, 6, 'KPI1', '2022-12-31', 2022, 4.00, 0.2000, '2026-03-18 04:44:41', '2026-03-18 04:44:41'),
(110, 6, 'KPI2', '2022-12-31', 2022, 3.90, 0.1950, '2026-03-18 04:44:41', '2026-03-18 04:44:41'),
(111, 6, 'KPI3', '2022-12-31', 2022, 4.10, 0.2050, '2026-03-18 04:44:41', '2026-03-18 04:44:41'),
(112, 6, 'KPI4', '2022-12-31', 2022, 3.80, 0.1900, '2026-03-18 04:44:41', '2026-03-18 04:44:41'),
(113, 6, 'KPI5', '2022-12-31', 2022, 4.00, 0.2000, '2026-03-18 04:44:41', '2026-03-18 04:44:41'),
(114, 6, 'KPI6', '2022-12-31', 2022, 3.90, 0.1950, '2026-03-18 04:44:41', '2026-03-18 04:44:41'),
(115, 6, 'KPI7', '2022-12-31', 2022, 4.00, 0.2000, '2026-03-18 04:44:41', '2026-03-18 04:44:41'),
(116, 6, 'KPI8', '2022-12-31', 2022, 4.10, 0.4100, '2026-03-18 04:44:41', '2026-03-18 04:44:41'),
(117, 6, 'KPI9', '2022-12-31', 2022, 4.00, 0.4000, '2026-03-18 04:44:41', '2026-03-18 04:44:41'),
(118, 6, 'KPI10', '2022-12-31', 2022, 3.90, 0.1463, '2026-03-18 04:44:41', '2026-03-18 04:44:41'),
(119, 6, 'KPI11', '2022-12-31', 2022, 3.80, 0.1425, '2026-03-18 04:44:41', '2026-03-18 04:44:41'),
(120, 6, 'KPI12', '2022-12-31', 2022, 4.00, 0.1500, '2026-03-18 04:44:41', '2026-03-18 04:44:41'),
(121, 6, 'KPI13', '2022-12-31', 2022, 3.90, 0.1463, '2026-03-18 04:44:41', '2026-03-18 04:44:41'),
(122, 6, 'KPI14', '2022-12-31', 2022, 4.10, 0.2050, '2026-03-18 04:44:41', '2026-03-18 04:44:41'),
(123, 6, 'KPI15', '2022-12-31', 2022, 4.00, 0.2000, '2026-03-18 04:44:41', '2026-03-18 04:44:41'),
(124, 6, 'KPI16', '2022-12-31', 2022, 3.80, 0.1267, '2026-03-18 04:44:41', '2026-03-18 04:44:41'),
(125, 6, 'KPI17', '2022-12-31', 2022, 3.90, 0.1300, '2026-03-18 04:44:41', '2026-03-18 04:44:41'),
(126, 6, 'KPI18', '2022-12-31', 2022, 4.00, 0.1333, '2026-03-18 04:44:41', '2026-03-18 04:44:41'),
(127, 7, 'CC1', '2022-12-31', 2022, 3.90, 0.1299, '2026-03-18 04:44:41', '2026-03-18 04:44:41'),
(128, 7, 'CC2', '2022-12-31', 2022, 4.00, 0.1332, '2026-03-18 04:44:41', '2026-03-18 04:44:41'),
(129, 7, 'CC3', '2022-12-31', 2022, 3.80, 0.1270, '2026-03-18 04:44:41', '2026-03-18 04:44:41'),
(130, 7, 'KPI1', '2022-12-31', 2022, 2.90, 0.1450, '2026-03-18 04:44:41', '2026-03-18 04:44:41'),
(131, 7, 'KPI2', '2022-12-31', 2022, 2.70, 0.1350, '2026-03-18 04:44:41', '2026-03-18 04:44:41'),
(132, 7, 'KPI3', '2022-12-31', 2022, 2.80, 0.1400, '2026-03-18 04:44:41', '2026-03-18 04:44:41'),
(133, 7, 'KPI4', '2022-12-31', 2022, 2.60, 0.1300, '2026-03-18 04:44:41', '2026-03-18 04:44:41'),
(134, 7, 'KPI5', '2022-12-31', 2022, 3.80, 0.1900, '2026-03-18 04:44:41', '2026-03-18 04:44:41'),
(135, 7, 'KPI6', '2022-12-31', 2022, 3.90, 0.1950, '2026-03-18 04:44:41', '2026-03-18 04:44:41'),
(136, 7, 'KPI7', '2022-12-31', 2022, 3.70, 0.1850, '2026-03-18 04:44:41', '2026-03-18 04:44:41'),
(137, 7, 'KPI8', '2022-12-31', 2022, 3.90, 0.3900, '2026-03-18 04:44:41', '2026-03-18 04:44:41'),
(138, 7, 'KPI9', '2022-12-31', 2022, 4.00, 0.4000, '2026-03-18 04:44:41', '2026-03-18 04:44:41'),
(139, 7, 'KPI10', '2022-12-31', 2022, 3.80, 0.1425, '2026-03-18 04:44:41', '2026-03-18 04:44:41'),
(140, 7, 'KPI11', '2022-12-31', 2022, 3.90, 0.1463, '2026-03-18 04:44:41', '2026-03-18 04:44:41'),
(141, 7, 'KPI12', '2022-12-31', 2022, 3.70, 0.1388, '2026-03-18 04:44:41', '2026-03-18 04:44:41'),
(142, 7, 'KPI13', '2022-12-31', 2022, 3.80, 0.1425, '2026-03-18 04:44:41', '2026-03-18 04:44:41'),
(143, 7, 'KPI14', '2022-12-31', 2022, 4.00, 0.2000, '2026-03-18 04:44:41', '2026-03-18 04:44:41'),
(144, 7, 'KPI15', '2022-12-31', 2022, 3.90, 0.1950, '2026-03-18 04:44:41', '2026-03-18 04:44:41'),
(145, 7, 'KPI16', '2022-12-31', 2022, 3.80, 0.1267, '2026-03-18 04:44:41', '2026-03-18 04:44:41'),
(146, 7, 'KPI17', '2022-12-31', 2022, 3.90, 0.1300, '2026-03-18 04:44:41', '2026-03-18 04:44:41'),
(147, 7, 'KPI18', '2022-12-31', 2022, 4.00, 0.1333, '2026-03-18 04:44:41', '2026-03-18 04:44:41'),
(148, 8, 'CC1', '2022-12-31', 2022, 4.10, 0.1366, '2026-03-18 04:44:41', '2026-03-18 04:44:41'),
(149, 8, 'CC2', '2022-12-31', 2022, 4.00, 0.1332, '2026-03-18 04:44:41', '2026-03-18 04:44:41'),
(150, 8, 'CC3', '2022-12-31', 2022, 4.20, 0.1403, '2026-03-18 04:44:41', '2026-03-18 04:44:41'),
(151, 8, 'KPI1', '2022-12-31', 2022, 3.90, 0.1950, '2026-03-18 04:44:41', '2026-03-18 04:44:41'),
(152, 8, 'KPI2', '2022-12-31', 2022, 4.00, 0.2000, '2026-03-18 04:44:41', '2026-03-18 04:44:41'),
(153, 8, 'KPI3', '2022-12-31', 2022, 3.80, 0.1900, '2026-03-18 04:44:41', '2026-03-18 04:44:41'),
(154, 8, 'KPI4', '2022-12-31', 2022, 4.10, 0.2050, '2026-03-18 04:44:41', '2026-03-18 04:44:41'),
(155, 8, 'KPI5', '2022-12-31', 2022, 4.00, 0.2000, '2026-03-18 04:44:41', '2026-03-18 04:44:41'),
(156, 8, 'KPI6', '2022-12-31', 2022, 3.90, 0.1950, '2026-03-18 04:44:41', '2026-03-18 04:44:41'),
(157, 8, 'KPI7', '2022-12-31', 2022, 4.00, 0.2000, '2026-03-18 04:44:41', '2026-03-18 04:44:41'),
(158, 8, 'KPI8', '2022-12-31', 2022, 4.10, 0.4100, '2026-03-18 04:44:41', '2026-03-18 04:44:41'),
(159, 8, 'KPI9', '2022-12-31', 2022, 4.00, 0.4000, '2026-03-18 04:44:41', '2026-03-18 04:44:41'),
(160, 8, 'KPI10', '2022-12-31', 2022, 4.00, 0.1500, '2026-03-18 04:44:41', '2026-03-18 04:44:41'),
(161, 8, 'KPI11', '2022-12-31', 2022, 3.90, 0.1463, '2026-03-18 04:44:41', '2026-03-18 04:44:41'),
(162, 8, 'KPI12', '2022-12-31', 2022, 4.10, 0.1538, '2026-03-18 04:44:41', '2026-03-18 04:44:41'),
(163, 8, 'KPI13', '2022-12-31', 2022, 4.00, 0.1500, '2026-03-18 04:44:41', '2026-03-18 04:44:41'),
(164, 8, 'KPI14', '2022-12-31', 2022, 2.70, 0.1350, '2026-03-18 04:44:41', '2026-03-18 04:44:41'),
(165, 8, 'KPI15', '2022-12-31', 2022, 2.60, 0.1300, '2026-03-18 04:44:41', '2026-03-18 04:44:41'),
(166, 8, 'KPI16', '2022-12-31', 2022, 2.80, 0.0933, '2026-03-18 04:44:41', '2026-03-18 04:44:41'),
(167, 8, 'KPI17', '2022-12-31', 2022, 2.50, 0.0833, '2026-03-18 04:44:41', '2026-03-18 04:44:41'),
(168, 8, 'KPI18', '2022-12-31', 2022, 2.70, 0.0900, '2026-03-18 04:44:41', '2026-03-18 04:44:41'),
(169, 9, 'CC1', '2022-12-31', 2022, 3.50, 0.1166, '2026-03-18 04:44:41', '2026-03-18 04:44:41'),
(170, 9, 'CC2', '2022-12-31', 2022, 3.40, 0.1132, '2026-03-18 04:44:41', '2026-03-18 04:44:41'),
(171, 9, 'CC3', '2022-12-31', 2022, 3.60, 0.1203, '2026-03-18 04:44:41', '2026-03-18 04:44:41'),
(172, 9, 'KPI1', '2022-12-31', 2022, 3.30, 0.1650, '2026-03-18 04:44:41', '2026-03-18 04:44:41'),
(173, 9, 'KPI2', '2022-12-31', 2022, 3.40, 0.1700, '2026-03-18 04:44:41', '2026-03-18 04:44:41'),
(174, 9, 'KPI3', '2022-12-31', 2022, 3.20, 0.1600, '2026-03-18 04:44:41', '2026-03-18 04:44:41'),
(175, 9, 'KPI4', '2022-12-31', 2022, 3.50, 0.1750, '2026-03-18 04:44:41', '2026-03-18 04:44:41'),
(176, 9, 'KPI5', '2022-12-31', 2022, 3.30, 0.1650, '2026-03-18 04:44:41', '2026-03-18 04:44:41'),
(177, 9, 'KPI6', '2022-12-31', 2022, 3.40, 0.1700, '2026-03-18 04:44:41', '2026-03-18 04:44:41'),
(178, 9, 'KPI7', '2022-12-31', 2022, 3.20, 0.1600, '2026-03-18 04:44:41', '2026-03-18 04:44:41'),
(179, 9, 'KPI8', '2022-12-31', 2022, 3.50, 0.3500, '2026-03-18 04:44:41', '2026-03-18 04:44:41'),
(180, 9, 'KPI9', '2022-12-31', 2022, 3.40, 0.3400, '2026-03-18 04:44:41', '2026-03-18 04:44:41'),
(181, 9, 'KPI10', '2022-12-31', 2022, 3.30, 0.1238, '2026-03-18 04:44:41', '2026-03-18 04:44:41'),
(182, 9, 'KPI11', '2022-12-31', 2022, 3.40, 0.1275, '2026-03-18 04:44:41', '2026-03-18 04:44:41'),
(183, 9, 'KPI12', '2022-12-31', 2022, 3.20, 0.1200, '2026-03-18 04:44:41', '2026-03-18 04:44:41'),
(184, 9, 'KPI13', '2022-12-31', 2022, 3.50, 0.1313, '2026-03-18 04:44:41', '2026-03-18 04:44:41'),
(185, 9, 'KPI14', '2022-12-31', 2022, 3.30, 0.1650, '2026-03-18 04:44:41', '2026-03-18 04:44:41'),
(186, 9, 'KPI15', '2022-12-31', 2022, 3.40, 0.1700, '2026-03-18 04:44:41', '2026-03-18 04:44:41'),
(187, 9, 'KPI16', '2022-12-31', 2022, 3.20, 0.1067, '2026-03-18 04:44:41', '2026-03-18 04:44:41'),
(188, 9, 'KPI17', '2022-12-31', 2022, 3.30, 0.1100, '2026-03-18 04:44:41', '2026-03-18 04:44:41'),
(189, 9, 'KPI18', '2022-12-31', 2022, 3.40, 0.1133, '2026-03-18 04:44:41', '2026-03-18 04:44:41'),
(190, 10, 'CC1', '2022-12-31', 2022, 4.50, 0.1499, '2026-03-18 04:44:41', '2026-03-18 04:44:41'),
(191, 10, 'CC2', '2022-12-31', 2022, 4.60, 0.1532, '2026-03-18 04:44:41', '2026-03-18 04:44:41'),
(192, 10, 'CC3', '2022-12-31', 2022, 4.40, 0.1470, '2026-03-18 04:44:41', '2026-03-18 04:44:41'),
(193, 10, 'KPI1', '2022-12-31', 2022, 4.70, 0.2350, '2026-03-18 04:44:41', '2026-03-18 04:44:41'),
(194, 10, 'KPI2', '2022-12-31', 2022, 4.50, 0.2250, '2026-03-18 04:44:41', '2026-03-18 04:44:41'),
(195, 10, 'KPI3', '2022-12-31', 2022, 4.60, 0.2300, '2026-03-18 04:44:41', '2026-03-18 04:44:41'),
(196, 10, 'KPI4', '2022-12-31', 2022, 4.40, 0.2200, '2026-03-18 04:44:41', '2026-03-18 04:44:41'),
(197, 10, 'KPI5', '2022-12-31', 2022, 4.50, 0.2250, '2026-03-18 04:44:41', '2026-03-18 04:44:41'),
(198, 10, 'KPI6', '2022-12-31', 2022, 4.60, 0.2300, '2026-03-18 04:44:41', '2026-03-18 04:44:41'),
(199, 10, 'KPI7', '2022-12-31', 2022, 4.40, 0.2200, '2026-03-18 04:44:41', '2026-03-18 04:44:41'),
(200, 10, 'KPI8', '2022-12-31', 2022, 4.70, 0.4700, '2026-03-18 04:44:41', '2026-03-18 04:44:41'),
(201, 10, 'KPI9', '2022-12-31', 2022, 4.60, 0.4600, '2026-03-18 04:44:41', '2026-03-18 04:44:41'),
(202, 10, 'KPI10', '2022-12-31', 2022, 4.50, 0.1688, '2026-03-18 04:44:41', '2026-03-18 04:44:41'),
(203, 10, 'KPI11', '2022-12-31', 2022, 4.40, 0.1650, '2026-03-18 04:44:41', '2026-03-18 04:44:41'),
(204, 10, 'KPI12', '2022-12-31', 2022, 4.60, 0.1725, '2026-03-18 04:44:41', '2026-03-18 04:44:41'),
(205, 10, 'KPI13', '2022-12-31', 2022, 4.50, 0.1688, '2026-03-18 04:44:41', '2026-03-18 04:44:41'),
(206, 10, 'KPI14', '2022-12-31', 2022, 4.40, 0.2200, '2026-03-18 04:44:41', '2026-03-18 04:44:41'),
(207, 10, 'KPI15', '2022-12-31', 2022, 4.50, 0.2250, '2026-03-18 04:44:41', '2026-03-18 04:44:41'),
(208, 10, 'KPI16', '2022-12-31', 2022, 4.30, 0.1433, '2026-03-18 04:44:41', '2026-03-18 04:44:41'),
(209, 10, 'KPI17', '2022-12-31', 2022, 4.40, 0.1467, '2026-03-18 04:44:41', '2026-03-18 04:44:41'),
(210, 10, 'KPI18', '2022-12-31', 2022, 4.50, 0.1500, '2026-03-18 04:44:41', '2026-03-18 04:44:41'),
(274, 2, 'CC1', '2026-03-18', 2026, 1.00, 0.0067, '2026-03-18 05:18:12', '2026-03-18 05:18:12'),
(275, 2, 'CC2', '2026-03-18', 2026, 5.00, 0.0333, '2026-03-18 05:18:12', '2026-03-18 05:18:12'),
(276, 2, 'CC3', '2026-03-18', 2026, 3.00, 0.0200, '2026-03-18 05:18:12', '2026-03-18 05:18:12'),
(277, 2, 'KPI1', '2026-03-18', 2026, 5.00, 0.0500, '2026-03-18 05:18:12', '2026-03-18 05:18:12'),
(278, 2, 'KPI2', '2026-03-18', 2026, 4.00, 0.0400, '2026-03-18 05:18:12', '2026-03-18 05:18:12'),
(279, 2, 'KPI3', '2026-03-18', 2026, 4.00, 0.0400, '2026-03-18 05:18:12', '2026-03-18 05:18:12'),
(280, 2, 'KPI4', '2026-03-18', 2026, 5.00, 0.0500, '2026-03-18 05:18:12', '2026-03-18 05:18:12'),
(281, 2, 'KPI5', '2026-03-18', 2026, 4.00, 0.0400, '2026-03-18 05:18:12', '2026-03-18 05:18:12'),
(282, 2, 'KPI6', '2026-03-18', 2026, 5.00, 0.0500, '2026-03-18 05:18:12', '2026-03-18 05:18:12'),
(283, 2, 'KPI7', '2026-03-18', 2026, 4.00, 0.0400, '2026-03-18 05:18:12', '2026-03-18 05:18:12'),
(284, 2, 'KPI8', '2026-03-18', 2026, 5.00, 0.1000, '2026-03-18 05:18:12', '2026-03-18 05:18:12'),
(285, 2, 'KPI9', '2026-03-18', 2026, 5.00, 0.1000, '2026-03-18 05:18:12', '2026-03-18 05:18:12'),
(286, 2, 'KPI10', '2026-03-18', 2026, 4.00, 0.0300, '2026-03-18 05:18:12', '2026-03-18 05:18:12'),
(287, 2, 'KPI11', '2026-03-18', 2026, 3.00, 0.0225, '2026-03-18 05:18:12', '2026-03-18 05:18:12'),
(288, 2, 'KPI12', '2026-03-18', 2026, 4.00, 0.0300, '2026-03-18 05:18:12', '2026-03-18 05:18:12'),
(289, 2, 'KPI13', '2026-03-18', 2026, 4.00, 0.0300, '2026-03-18 05:18:12', '2026-03-18 05:18:12'),
(290, 2, 'KPI14', '2026-03-18', 2026, 4.00, 0.0400, '2026-03-18 05:18:12', '2026-03-18 05:18:12'),
(291, 2, 'KPI15', '2026-03-18', 2026, 4.00, 0.0400, '2026-03-18 05:18:12', '2026-03-18 05:18:12'),
(292, 2, 'KPI16', '2026-03-18', 2026, 3.00, 0.0200, '2026-03-18 05:18:12', '2026-03-18 05:18:12'),
(293, 2, 'KPI17', '2026-03-18', 2026, 4.00, 0.0266, '2026-03-18 05:18:12', '2026-03-18 05:18:12'),
(294, 2, 'KPI18', '2026-03-18', 2026, 4.00, 0.0267, '2026-03-18 05:18:12', '2026-03-18 05:18:12'),
(295, 4, 'CC1', '2026-03-26', 2026, 5.00, 0.0333, '2026-03-26 00:14:26', '2026-03-26 00:14:26'),
(296, 4, 'CC2', '2026-03-26', 2026, 3.00, 0.0200, '2026-03-26 00:14:26', '2026-03-26 00:14:26'),
(297, 4, 'CC3', '2026-03-26', 2026, 5.00, 0.0334, '2026-03-26 00:14:26', '2026-03-26 00:14:26'),
(298, 4, 'KPI1', '2026-03-26', 2026, 5.00, 0.0500, '2026-03-26 00:14:26', '2026-03-26 00:14:26'),
(299, 4, 'KPI2', '2026-03-26', 2026, 5.00, 0.0500, '2026-03-26 00:14:26', '2026-03-26 00:14:26'),
(300, 4, 'KPI3', '2026-03-26', 2026, 4.00, 0.0400, '2026-03-26 00:14:26', '2026-03-26 00:14:26'),
(301, 4, 'KPI4', '2026-03-26', 2026, 5.00, 0.0500, '2026-03-26 00:14:26', '2026-03-26 00:14:26'),
(302, 4, 'KPI5', '2026-03-26', 2026, 5.00, 0.0500, '2026-03-26 00:14:26', '2026-03-26 00:14:26'),
(303, 4, 'KPI6', '2026-03-26', 2026, 4.00, 0.0400, '2026-03-26 00:14:26', '2026-03-26 00:14:26'),
(304, 4, 'KPI7', '2026-03-26', 2026, 5.00, 0.0500, '2026-03-26 00:14:26', '2026-03-26 00:14:26'),
(305, 4, 'KPI8', '2026-03-26', 2026, 5.00, 0.1000, '2026-03-26 00:14:26', '2026-03-26 00:14:26'),
(306, 4, 'KPI9', '2026-03-26', 2026, 5.00, 0.1000, '2026-03-26 00:14:26', '2026-03-26 00:14:26'),
(307, 4, 'KPI10', '2026-03-26', 2026, 5.00, 0.0375, '2026-03-26 00:14:26', '2026-03-26 00:14:26'),
(308, 4, 'KPI11', '2026-03-26', 2026, 4.00, 0.0300, '2026-03-26 00:14:26', '2026-03-26 00:14:26'),
(309, 4, 'KPI12', '2026-03-26', 2026, 5.00, 0.0375, '2026-03-26 00:14:26', '2026-03-26 00:14:26'),
(310, 4, 'KPI13', '2026-03-26', 2026, 4.00, 0.0300, '2026-03-26 00:14:26', '2026-03-26 00:14:26'),
(311, 4, 'KPI14', '2026-03-26', 2026, 4.00, 0.0400, '2026-03-26 00:14:26', '2026-03-26 00:14:26'),
(312, 4, 'KPI15', '2026-03-26', 2026, 5.00, 0.0500, '2026-03-26 00:14:26', '2026-03-26 00:14:26'),
(313, 4, 'KPI16', '2026-03-26', 2026, 4.00, 0.0266, '2026-03-26 00:14:26', '2026-03-26 00:14:26'),
(314, 4, 'KPI17', '2026-03-26', 2026, 4.00, 0.0266, '2026-03-26 00:14:26', '2026-03-26 00:14:26'),
(315, 4, 'KPI18', '2026-03-26', 2026, 5.00, 0.0334, '2026-03-26 00:14:26', '2026-03-26 00:14:26'),
(316, 6, 'CC1', '2026-03-26', 2026, 4.00, 0.0266, '2026-03-26 00:29:15', '2026-03-26 00:29:15'),
(317, 6, 'CC2', '2026-03-26', 2026, 2.00, 0.0133, '2026-03-26 00:29:15', '2026-03-26 00:29:15'),
(318, 6, 'CC3', '2026-03-26', 2026, 4.00, 0.0267, '2026-03-26 00:29:15', '2026-03-26 00:29:15'),
(319, 6, 'KPI1', '2026-03-26', 2026, 4.00, 0.0400, '2026-03-26 00:29:15', '2026-03-26 00:29:15'),
(320, 6, 'KPI2', '2026-03-26', 2026, 5.00, 0.0500, '2026-03-26 00:29:15', '2026-03-26 00:29:15'),
(321, 6, 'KPI3', '2026-03-26', 2026, 3.00, 0.0300, '2026-03-26 00:29:15', '2026-03-26 00:29:15'),
(322, 6, 'KPI4', '2026-03-26', 2026, 4.00, 0.0400, '2026-03-26 00:29:15', '2026-03-26 00:29:15'),
(347, 11, 'CC1', '2022-12-31', 2022, 3.90, 0.0260, '2026-04-02 00:09:33', '2026-04-02 00:09:33'),
(348, 11, 'CC2', '2022-12-31', 2022, 3.90, 0.0260, '2026-04-02 00:09:33', '2026-04-02 00:09:33'),
(349, 11, 'CC3', '2022-12-31', 2022, 3.90, 0.0261, '2026-04-02 00:09:33', '2026-04-02 00:09:33'),
(350, 11, 'KPI1', '2022-12-31', 2022, 3.90, 0.0390, '2026-04-02 00:09:33', '2026-04-02 00:09:33'),
(351, 11, 'KPI2', '2022-12-31', 2022, 3.90, 0.0390, '2026-04-02 00:09:33', '2026-04-02 00:09:33'),
(352, 11, 'KPI3', '2022-12-31', 2022, 3.90, 0.0390, '2026-04-02 00:09:33', '2026-04-02 00:09:33'),
(353, 11, 'KPI4', '2022-12-31', 2022, 3.90, 0.0390, '2026-04-02 00:09:33', '2026-04-02 00:09:33'),
(354, 11, 'KPI5', '2022-12-31', 2022, 3.90, 0.0390, '2026-04-02 00:09:33', '2026-04-02 00:09:33'),
(355, 11, 'KPI6', '2022-12-31', 2022, 3.90, 0.0390, '2026-04-02 00:09:33', '2026-04-02 00:09:33'),
(356, 11, 'KPI7', '2022-12-31', 2022, 3.90, 0.0390, '2026-04-02 00:09:33', '2026-04-02 00:09:33'),
(357, 11, 'KPI8', '2022-12-31', 2022, 3.90, 0.0780, '2026-04-02 00:09:33', '2026-04-02 00:09:33'),
(358, 11, 'KPI9', '2022-12-31', 2022, 3.90, 0.0780, '2026-04-02 00:09:33', '2026-04-02 00:09:33'),
(359, 11, 'KPI10', '2022-12-31', 2022, 3.90, 0.0293, '2026-04-02 00:09:33', '2026-04-02 00:09:33'),
(360, 11, 'KPI11', '2022-12-31', 2022, 3.90, 0.0293, '2026-04-02 00:09:33', '2026-04-02 00:09:33'),
(361, 11, 'KPI12', '2022-12-31', 2022, 3.90, 0.0293, '2026-04-02 00:09:33', '2026-04-02 00:09:33'),
(362, 11, 'KPI13', '2022-12-31', 2022, 3.90, 0.0293, '2026-04-02 00:09:33', '2026-04-02 00:09:33'),
(363, 11, 'KPI14', '2022-12-31', 2022, 3.90, 0.0390, '2026-04-02 00:09:33', '2026-04-02 00:09:33'),
(364, 11, 'KPI15', '2022-12-31', 2022, 3.90, 0.0390, '2026-04-02 00:09:33', '2026-04-02 00:09:33'),
(365, 11, 'KPI16', '2022-12-31', 2022, 3.90, 0.0260, '2026-04-02 00:09:33', '2026-04-02 00:09:33'),
(366, 11, 'KPI17', '2022-12-31', 2022, 3.90, 0.0260, '2026-04-02 00:09:33', '2026-04-02 00:09:33'),
(367, 11, 'KPI18', '2022-12-31', 2022, 3.90, 0.0261, '2026-04-02 00:09:33', '2026-04-02 00:09:33'),
(368, 11, 'CC1', '2023-12-31', 2023, 3.60, 0.0240, '2026-04-02 00:09:34', '2026-04-02 00:09:34'),
(369, 11, 'CC2', '2023-12-31', 2023, 3.60, 0.0240, '2026-04-02 00:09:34', '2026-04-02 00:09:34'),
(370, 11, 'CC3', '2023-12-31', 2023, 3.60, 0.0240, '2026-04-02 00:09:34', '2026-04-02 00:09:34'),
(371, 11, 'KPI1', '2023-12-31', 2023, 3.60, 0.0360, '2026-04-02 00:09:34', '2026-04-02 00:09:34'),
(372, 11, 'KPI2', '2023-12-31', 2023, 3.60, 0.0360, '2026-04-02 00:09:34', '2026-04-02 00:09:34'),
(373, 11, 'KPI3', '2023-12-31', 2023, 3.60, 0.0360, '2026-04-02 00:09:34', '2026-04-02 00:09:34'),
(374, 11, 'KPI4', '2023-12-31', 2023, 3.60, 0.0360, '2026-04-02 00:09:34', '2026-04-02 00:09:34'),
(375, 11, 'KPI5', '2023-12-31', 2023, 3.60, 0.0360, '2026-04-02 00:09:34', '2026-04-02 00:09:34'),
(376, 11, 'KPI6', '2023-12-31', 2023, 3.60, 0.0360, '2026-04-02 00:09:34', '2026-04-02 00:09:34'),
(377, 11, 'KPI7', '2023-12-31', 2023, 3.60, 0.0360, '2026-04-02 00:09:34', '2026-04-02 00:09:34'),
(378, 11, 'KPI8', '2023-12-31', 2023, 3.60, 0.0720, '2026-04-02 00:09:34', '2026-04-02 00:09:34'),
(379, 11, 'KPI9', '2023-12-31', 2023, 3.60, 0.0720, '2026-04-02 00:09:34', '2026-04-02 00:09:34'),
(380, 11, 'KPI10', '2023-12-31', 2023, 3.60, 0.0270, '2026-04-02 00:09:34', '2026-04-02 00:09:34'),
(381, 11, 'KPI11', '2023-12-31', 2023, 3.60, 0.0270, '2026-04-02 00:09:34', '2026-04-02 00:09:34'),
(382, 11, 'KPI12', '2023-12-31', 2023, 3.60, 0.0270, '2026-04-02 00:09:34', '2026-04-02 00:09:34'),
(383, 11, 'KPI13', '2023-12-31', 2023, 3.60, 0.0270, '2026-04-02 00:09:34', '2026-04-02 00:09:34'),
(384, 11, 'KPI14', '2023-12-31', 2023, 3.60, 0.0360, '2026-04-02 00:09:34', '2026-04-02 00:09:34'),
(385, 11, 'KPI15', '2023-12-31', 2023, 3.60, 0.0360, '2026-04-02 00:09:34', '2026-04-02 00:09:34'),
(386, 11, 'KPI16', '2023-12-31', 2023, 3.60, 0.0240, '2026-04-02 00:09:34', '2026-04-02 00:09:34'),
(387, 11, 'KPI17', '2023-12-31', 2023, 3.60, 0.0240, '2026-04-02 00:09:34', '2026-04-02 00:09:34'),
(388, 11, 'KPI18', '2023-12-31', 2023, 3.60, 0.0240, '2026-04-02 00:09:34', '2026-04-02 00:09:34'),
(389, 11, 'CC1', '2024-12-31', 2024, 3.25, 0.0216, '2026-04-02 00:09:34', '2026-04-02 00:09:34'),
(390, 11, 'CC2', '2024-12-31', 2024, 3.25, 0.0216, '2026-04-02 00:09:34', '2026-04-02 00:09:34'),
(391, 11, 'CC3', '2024-12-31', 2024, 3.25, 0.0217, '2026-04-02 00:09:34', '2026-04-02 00:09:34'),
(392, 11, 'KPI1', '2024-12-31', 2024, 3.25, 0.0325, '2026-04-02 00:09:34', '2026-04-02 00:09:34'),
(393, 11, 'KPI2', '2024-12-31', 2024, 3.25, 0.0325, '2026-04-02 00:09:34', '2026-04-02 00:09:34'),
(394, 11, 'KPI3', '2024-12-31', 2024, 3.25, 0.0325, '2026-04-02 00:09:34', '2026-04-02 00:09:34'),
(395, 11, 'KPI4', '2024-12-31', 2024, 3.25, 0.0325, '2026-04-02 00:09:34', '2026-04-02 00:09:34'),
(396, 11, 'KPI5', '2024-12-31', 2024, 3.25, 0.0325, '2026-04-02 00:09:34', '2026-04-02 00:09:34'),
(397, 11, 'KPI6', '2024-12-31', 2024, 3.25, 0.0325, '2026-04-02 00:09:34', '2026-04-02 00:09:34'),
(398, 11, 'KPI7', '2024-12-31', 2024, 3.25, 0.0325, '2026-04-02 00:09:34', '2026-04-02 00:09:34'),
(399, 11, 'KPI8', '2024-12-31', 2024, 3.25, 0.0650, '2026-04-02 00:09:34', '2026-04-02 00:09:34'),
(400, 11, 'KPI9', '2024-12-31', 2024, 3.25, 0.0650, '2026-04-02 00:09:34', '2026-04-02 00:09:34'),
(401, 11, 'KPI10', '2024-12-31', 2024, 3.25, 0.0244, '2026-04-02 00:09:34', '2026-04-02 00:09:34'),
(402, 11, 'KPI11', '2024-12-31', 2024, 3.25, 0.0244, '2026-04-02 00:09:34', '2026-04-02 00:09:34'),
(403, 11, 'KPI12', '2024-12-31', 2024, 3.25, 0.0244, '2026-04-02 00:09:34', '2026-04-02 00:09:34'),
(404, 11, 'KPI13', '2024-12-31', 2024, 3.25, 0.0244, '2026-04-02 00:09:34', '2026-04-02 00:09:34'),
(405, 11, 'KPI14', '2024-12-31', 2024, 3.25, 0.0325, '2026-04-02 00:09:34', '2026-04-02 00:09:34'),
(406, 11, 'KPI15', '2024-12-31', 2024, 3.25, 0.0325, '2026-04-02 00:09:34', '2026-04-02 00:09:34'),
(407, 11, 'KPI16', '2024-12-31', 2024, 3.25, 0.0216, '2026-04-02 00:09:34', '2026-04-02 00:09:34'),
(408, 11, 'KPI17', '2024-12-31', 2024, 3.25, 0.0216, '2026-04-02 00:09:34', '2026-04-02 00:09:34'),
(409, 11, 'KPI18', '2024-12-31', 2024, 3.25, 0.0217, '2026-04-02 00:09:34', '2026-04-02 00:09:34'),
(410, 11, 'CC1', '2025-12-31', 2025, 2.90, 0.0193, '2026-04-02 00:09:34', '2026-04-02 00:09:34'),
(411, 11, 'CC2', '2025-12-31', 2025, 2.90, 0.0193, '2026-04-02 00:09:34', '2026-04-02 00:09:34'),
(412, 11, 'CC3', '2025-12-31', 2025, 2.90, 0.0194, '2026-04-02 00:09:34', '2026-04-02 00:09:34'),
(413, 11, 'KPI1', '2025-12-31', 2025, 2.90, 0.0290, '2026-04-02 00:09:34', '2026-04-02 00:09:34'),
(414, 11, 'KPI2', '2025-12-31', 2025, 2.90, 0.0290, '2026-04-02 00:09:34', '2026-04-02 00:09:34'),
(415, 11, 'KPI3', '2025-12-31', 2025, 2.90, 0.0290, '2026-04-02 00:09:34', '2026-04-02 00:09:34'),
(416, 11, 'KPI4', '2025-12-31', 2025, 2.90, 0.0290, '2026-04-02 00:09:34', '2026-04-02 00:09:34'),
(417, 11, 'KPI5', '2025-12-31', 2025, 2.90, 0.0290, '2026-04-02 00:09:34', '2026-04-02 00:09:34'),
(418, 11, 'KPI6', '2025-12-31', 2025, 2.90, 0.0290, '2026-04-02 00:09:34', '2026-04-02 00:09:34'),
(419, 11, 'KPI7', '2025-12-31', 2025, 2.90, 0.0290, '2026-04-02 00:09:34', '2026-04-02 00:09:34'),
(420, 11, 'KPI8', '2025-12-31', 2025, 2.90, 0.0580, '2026-04-02 00:09:34', '2026-04-02 00:09:34'),
(421, 11, 'KPI9', '2025-12-31', 2025, 2.90, 0.0580, '2026-04-02 00:09:34', '2026-04-02 00:09:34'),
(422, 11, 'KPI10', '2025-12-31', 2025, 2.90, 0.0218, '2026-04-02 00:09:34', '2026-04-02 00:09:34'),
(423, 11, 'KPI11', '2025-12-31', 2025, 2.90, 0.0218, '2026-04-02 00:09:34', '2026-04-02 00:09:34'),
(424, 11, 'KPI12', '2025-12-31', 2025, 2.90, 0.0218, '2026-04-02 00:09:34', '2026-04-02 00:09:34'),
(425, 11, 'KPI13', '2025-12-31', 2025, 2.90, 0.0218, '2026-04-02 00:09:34', '2026-04-02 00:09:34'),
(426, 11, 'KPI14', '2025-12-31', 2025, 2.90, 0.0290, '2026-04-02 00:09:34', '2026-04-02 00:09:34'),
(427, 11, 'KPI15', '2025-12-31', 2025, 2.90, 0.0290, '2026-04-02 00:09:34', '2026-04-02 00:09:34'),
(428, 11, 'KPI16', '2025-12-31', 2025, 2.90, 0.0193, '2026-04-02 00:09:34', '2026-04-02 00:09:34'),
(429, 11, 'KPI17', '2025-12-31', 2025, 2.90, 0.0193, '2026-04-02 00:09:34', '2026-04-02 00:09:34'),
(430, 11, 'KPI18', '2025-12-31', 2025, 2.90, 0.0194, '2026-04-02 00:09:34', '2026-04-02 00:09:34'),
(431, 11, 'CC1', '2026-12-31', 2026, 2.50, 0.0167, '2026-04-02 00:09:34', '2026-04-02 00:09:34'),
(432, 11, 'CC2', '2026-12-31', 2026, 2.50, 0.0167, '2026-04-02 00:09:34', '2026-04-02 00:09:34'),
(433, 11, 'CC3', '2026-12-31', 2026, 2.50, 0.0167, '2026-04-02 00:09:34', '2026-04-02 00:09:34'),
(434, 11, 'KPI1', '2026-12-31', 2026, 2.50, 0.0250, '2026-04-02 00:09:34', '2026-04-02 00:09:34'),
(435, 11, 'KPI2', '2026-12-31', 2026, 2.50, 0.0250, '2026-04-02 00:09:34', '2026-04-02 00:09:34'),
(436, 11, 'KPI3', '2026-12-31', 2026, 2.50, 0.0250, '2026-04-02 00:09:34', '2026-04-02 00:09:34'),
(437, 11, 'KPI4', '2026-12-31', 2026, 2.50, 0.0250, '2026-04-02 00:09:34', '2026-04-02 00:09:34'),
(438, 11, 'KPI5', '2026-12-31', 2026, 2.50, 0.0250, '2026-04-02 00:09:34', '2026-04-02 00:09:34'),
(439, 11, 'KPI6', '2026-12-31', 2026, 2.50, 0.0250, '2026-04-02 00:09:34', '2026-04-02 00:09:34'),
(440, 11, 'KPI7', '2026-12-31', 2026, 2.50, 0.0250, '2026-04-02 00:09:34', '2026-04-02 00:09:34'),
(441, 11, 'KPI8', '2026-12-31', 2026, 2.50, 0.0500, '2026-04-02 00:09:34', '2026-04-02 00:09:34'),
(442, 11, 'KPI9', '2026-12-31', 2026, 2.50, 0.0500, '2026-04-02 00:09:34', '2026-04-02 00:09:34'),
(443, 11, 'KPI10', '2026-12-31', 2026, 2.50, 0.0188, '2026-04-02 00:09:34', '2026-04-02 00:09:34'),
(444, 11, 'KPI11', '2026-12-31', 2026, 2.50, 0.0188, '2026-04-02 00:09:34', '2026-04-02 00:09:34'),
(445, 11, 'KPI12', '2026-12-31', 2026, 2.50, 0.0188, '2026-04-02 00:09:34', '2026-04-02 00:09:34'),
(446, 11, 'KPI13', '2026-12-31', 2026, 2.50, 0.0188, '2026-04-02 00:09:34', '2026-04-02 00:09:34'),
(447, 11, 'KPI14', '2026-12-31', 2026, 2.50, 0.0250, '2026-04-02 00:09:34', '2026-04-02 00:09:34'),
(448, 11, 'KPI15', '2026-12-31', 2026, 2.50, 0.0250, '2026-04-02 00:09:34', '2026-04-02 00:09:34'),
(449, 11, 'KPI16', '2026-12-31', 2026, 2.50, 0.0167, '2026-04-02 00:09:34', '2026-04-02 00:09:34'),
(450, 11, 'KPI17', '2026-12-31', 2026, 2.50, 0.0167, '2026-04-02 00:09:34', '2026-04-02 00:09:34'),
(451, 11, 'KPI18', '2026-12-31', 2026, 2.50, 0.0167, '2026-04-02 00:09:34', '2026-04-02 00:09:34'),
(452, 12, 'CC1', '2022-12-31', 2022, 2.75, 0.0183, '2026-04-02 00:09:34', '2026-04-02 00:09:34'),
(453, 12, 'CC2', '2022-12-31', 2022, 2.75, 0.0183, '2026-04-02 00:09:34', '2026-04-02 00:09:34'),
(454, 12, 'CC3', '2022-12-31', 2022, 2.75, 0.0184, '2026-04-02 00:09:34', '2026-04-02 00:09:34'),
(455, 12, 'KPI1', '2022-12-31', 2022, 2.75, 0.0275, '2026-04-02 00:09:34', '2026-04-02 00:09:34'),
(456, 12, 'KPI2', '2022-12-31', 2022, 2.75, 0.0275, '2026-04-02 00:09:34', '2026-04-02 00:09:34'),
(457, 12, 'KPI3', '2022-12-31', 2022, 2.75, 0.0275, '2026-04-02 00:09:34', '2026-04-02 00:09:34'),
(458, 12, 'KPI4', '2022-12-31', 2022, 2.75, 0.0275, '2026-04-02 00:09:34', '2026-04-02 00:09:34'),
(459, 12, 'KPI5', '2022-12-31', 2022, 2.75, 0.0275, '2026-04-02 00:09:34', '2026-04-02 00:09:34'),
(460, 12, 'KPI6', '2022-12-31', 2022, 2.75, 0.0275, '2026-04-02 00:09:34', '2026-04-02 00:09:34'),
(461, 12, 'KPI7', '2022-12-31', 2022, 2.75, 0.0275, '2026-04-02 00:09:34', '2026-04-02 00:09:34'),
(462, 12, 'KPI8', '2022-12-31', 2022, 2.75, 0.0550, '2026-04-02 00:09:34', '2026-04-02 00:09:34'),
(463, 12, 'KPI9', '2022-12-31', 2022, 2.75, 0.0550, '2026-04-02 00:09:34', '2026-04-02 00:09:34'),
(464, 12, 'KPI10', '2022-12-31', 2022, 2.75, 0.0206, '2026-04-02 00:09:34', '2026-04-02 00:09:34'),
(465, 12, 'KPI11', '2022-12-31', 2022, 2.75, 0.0206, '2026-04-02 00:09:34', '2026-04-02 00:09:34'),
(466, 12, 'KPI12', '2022-12-31', 2022, 2.75, 0.0206, '2026-04-02 00:09:34', '2026-04-02 00:09:34'),
(467, 12, 'KPI13', '2022-12-31', 2022, 2.75, 0.0206, '2026-04-02 00:09:34', '2026-04-02 00:09:34'),
(468, 12, 'KPI14', '2022-12-31', 2022, 2.75, 0.0275, '2026-04-02 00:09:34', '2026-04-02 00:09:34'),
(469, 12, 'KPI15', '2022-12-31', 2022, 2.75, 0.0275, '2026-04-02 00:09:34', '2026-04-02 00:09:34'),
(470, 12, 'KPI16', '2022-12-31', 2022, 2.75, 0.0183, '2026-04-02 00:09:34', '2026-04-02 00:09:34'),
(471, 12, 'KPI17', '2022-12-31', 2022, 2.75, 0.0183, '2026-04-02 00:09:34', '2026-04-02 00:09:34'),
(472, 12, 'KPI18', '2022-12-31', 2022, 2.75, 0.0184, '2026-04-02 00:09:34', '2026-04-02 00:09:34'),
(473, 12, 'CC1', '2023-12-31', 2023, 3.10, 0.0206, '2026-04-02 00:09:34', '2026-04-02 00:09:34'),
(474, 12, 'CC2', '2023-12-31', 2023, 3.10, 0.0206, '2026-04-02 00:09:34', '2026-04-02 00:09:34'),
(475, 12, 'CC3', '2023-12-31', 2023, 3.10, 0.0207, '2026-04-02 00:09:34', '2026-04-02 00:09:34'),
(476, 12, 'KPI1', '2023-12-31', 2023, 3.10, 0.0310, '2026-04-02 00:09:34', '2026-04-02 00:09:34'),
(477, 12, 'KPI2', '2023-12-31', 2023, 3.10, 0.0310, '2026-04-02 00:09:34', '2026-04-02 00:09:34'),
(478, 12, 'KPI3', '2023-12-31', 2023, 3.10, 0.0310, '2026-04-02 00:09:34', '2026-04-02 00:09:34'),
(479, 12, 'KPI4', '2023-12-31', 2023, 3.10, 0.0310, '2026-04-02 00:09:34', '2026-04-02 00:09:34'),
(480, 12, 'KPI5', '2023-12-31', 2023, 3.10, 0.0310, '2026-04-02 00:09:34', '2026-04-02 00:09:34'),
(481, 12, 'KPI6', '2023-12-31', 2023, 3.10, 0.0310, '2026-04-02 00:09:34', '2026-04-02 00:09:34'),
(482, 12, 'KPI7', '2023-12-31', 2023, 3.10, 0.0310, '2026-04-02 00:09:34', '2026-04-02 00:09:34'),
(483, 12, 'KPI8', '2023-12-31', 2023, 3.10, 0.0620, '2026-04-02 00:09:34', '2026-04-02 00:09:34'),
(484, 12, 'KPI9', '2023-12-31', 2023, 3.10, 0.0620, '2026-04-02 00:09:34', '2026-04-02 00:09:34'),
(485, 12, 'KPI10', '2023-12-31', 2023, 3.10, 0.0233, '2026-04-02 00:09:34', '2026-04-02 00:09:34'),
(486, 12, 'KPI11', '2023-12-31', 2023, 3.10, 0.0233, '2026-04-02 00:09:34', '2026-04-02 00:09:34'),
(487, 12, 'KPI12', '2023-12-31', 2023, 3.10, 0.0233, '2026-04-02 00:09:34', '2026-04-02 00:09:34'),
(488, 12, 'KPI13', '2023-12-31', 2023, 3.10, 0.0233, '2026-04-02 00:09:34', '2026-04-02 00:09:34'),
(489, 12, 'KPI14', '2023-12-31', 2023, 3.10, 0.0310, '2026-04-02 00:09:34', '2026-04-02 00:09:34'),
(490, 12, 'KPI15', '2023-12-31', 2023, 3.10, 0.0310, '2026-04-02 00:09:34', '2026-04-02 00:09:34'),
(491, 12, 'KPI16', '2023-12-31', 2023, 3.10, 0.0206, '2026-04-02 00:09:34', '2026-04-02 00:09:34'),
(492, 12, 'KPI17', '2023-12-31', 2023, 3.10, 0.0206, '2026-04-02 00:09:34', '2026-04-02 00:09:34'),
(493, 12, 'KPI18', '2023-12-31', 2023, 3.10, 0.0207, '2026-04-02 00:09:34', '2026-04-02 00:09:34'),
(494, 12, 'CC1', '2024-12-31', 2024, 3.50, 0.0233, '2026-04-02 00:09:34', '2026-04-02 00:09:34'),
(495, 12, 'CC2', '2024-12-31', 2024, 3.50, 0.0233, '2026-04-02 00:09:34', '2026-04-02 00:09:34'),
(496, 12, 'CC3', '2024-12-31', 2024, 3.50, 0.0234, '2026-04-02 00:09:34', '2026-04-02 00:09:34'),
(497, 12, 'KPI1', '2024-12-31', 2024, 3.50, 0.0350, '2026-04-02 00:09:34', '2026-04-02 00:09:34'),
(498, 12, 'KPI2', '2024-12-31', 2024, 3.50, 0.0350, '2026-04-02 00:09:34', '2026-04-02 00:09:34'),
(499, 12, 'KPI3', '2024-12-31', 2024, 3.50, 0.0350, '2026-04-02 00:09:34', '2026-04-02 00:09:34'),
(500, 12, 'KPI4', '2024-12-31', 2024, 3.50, 0.0350, '2026-04-02 00:09:34', '2026-04-02 00:09:34'),
(501, 12, 'KPI5', '2024-12-31', 2024, 3.50, 0.0350, '2026-04-02 00:09:34', '2026-04-02 00:09:34'),
(502, 12, 'KPI6', '2024-12-31', 2024, 3.50, 0.0350, '2026-04-02 00:09:34', '2026-04-02 00:09:34'),
(503, 12, 'KPI7', '2024-12-31', 2024, 3.50, 0.0350, '2026-04-02 00:09:34', '2026-04-02 00:09:34'),
(504, 12, 'KPI8', '2024-12-31', 2024, 3.50, 0.0700, '2026-04-02 00:09:34', '2026-04-02 00:09:34'),
(505, 12, 'KPI9', '2024-12-31', 2024, 3.50, 0.0700, '2026-04-02 00:09:34', '2026-04-02 00:09:34'),
(506, 12, 'KPI10', '2024-12-31', 2024, 3.50, 0.0263, '2026-04-02 00:09:34', '2026-04-02 00:09:34'),
(507, 12, 'KPI11', '2024-12-31', 2024, 3.50, 0.0263, '2026-04-02 00:09:34', '2026-04-02 00:09:34'),
(508, 12, 'KPI12', '2024-12-31', 2024, 3.50, 0.0263, '2026-04-02 00:09:34', '2026-04-02 00:09:34'),
(509, 12, 'KPI13', '2024-12-31', 2024, 3.50, 0.0263, '2026-04-02 00:09:34', '2026-04-02 00:09:34'),
(510, 12, 'KPI14', '2024-12-31', 2024, 3.50, 0.0350, '2026-04-02 00:09:34', '2026-04-02 00:09:34'),
(511, 12, 'KPI15', '2024-12-31', 2024, 3.50, 0.0350, '2026-04-02 00:09:34', '2026-04-02 00:09:34'),
(512, 12, 'KPI16', '2024-12-31', 2024, 3.50, 0.0233, '2026-04-02 00:09:34', '2026-04-02 00:09:34'),
(513, 12, 'KPI17', '2024-12-31', 2024, 3.50, 0.0233, '2026-04-02 00:09:34', '2026-04-02 00:09:34'),
(514, 12, 'KPI18', '2024-12-31', 2024, 3.50, 0.0234, '2026-04-02 00:09:34', '2026-04-02 00:09:34'),
(515, 12, 'CC1', '2025-12-31', 2025, 3.90, 0.0260, '2026-04-02 00:09:34', '2026-04-02 00:09:34'),
(516, 12, 'CC2', '2025-12-31', 2025, 3.90, 0.0260, '2026-04-02 00:09:34', '2026-04-02 00:09:34'),
(517, 12, 'CC3', '2025-12-31', 2025, 3.90, 0.0261, '2026-04-02 00:09:34', '2026-04-02 00:09:34'),
(518, 12, 'KPI1', '2025-12-31', 2025, 3.90, 0.0390, '2026-04-02 00:09:34', '2026-04-02 00:09:34'),
(519, 12, 'KPI2', '2025-12-31', 2025, 3.90, 0.0390, '2026-04-02 00:09:34', '2026-04-02 00:09:34'),
(520, 12, 'KPI3', '2025-12-31', 2025, 3.90, 0.0390, '2026-04-02 00:09:34', '2026-04-02 00:09:34'),
(521, 12, 'KPI4', '2025-12-31', 2025, 3.90, 0.0390, '2026-04-02 00:09:34', '2026-04-02 00:09:34'),
(522, 12, 'KPI5', '2025-12-31', 2025, 3.90, 0.0390, '2026-04-02 00:09:34', '2026-04-02 00:09:34'),
(523, 12, 'KPI6', '2025-12-31', 2025, 3.90, 0.0390, '2026-04-02 00:09:34', '2026-04-02 00:09:34'),
(524, 12, 'KPI7', '2025-12-31', 2025, 3.90, 0.0390, '2026-04-02 00:09:34', '2026-04-02 00:09:34'),
(525, 12, 'KPI8', '2025-12-31', 2025, 3.90, 0.0780, '2026-04-02 00:09:34', '2026-04-02 00:09:34'),
(526, 12, 'KPI9', '2025-12-31', 2025, 3.90, 0.0780, '2026-04-02 00:09:34', '2026-04-02 00:09:34'),
(527, 12, 'KPI10', '2025-12-31', 2025, 3.90, 0.0293, '2026-04-02 00:09:34', '2026-04-02 00:09:34'),
(528, 12, 'KPI11', '2025-12-31', 2025, 3.90, 0.0293, '2026-04-02 00:09:34', '2026-04-02 00:09:34'),
(529, 12, 'KPI12', '2025-12-31', 2025, 3.90, 0.0293, '2026-04-02 00:09:34', '2026-04-02 00:09:34'),
(530, 12, 'KPI13', '2025-12-31', 2025, 3.90, 0.0293, '2026-04-02 00:09:34', '2026-04-02 00:09:34'),
(531, 12, 'KPI14', '2025-12-31', 2025, 3.90, 0.0390, '2026-04-02 00:09:34', '2026-04-02 00:09:34'),
(532, 12, 'KPI15', '2025-12-31', 2025, 3.90, 0.0390, '2026-04-02 00:09:34', '2026-04-02 00:09:34'),
(533, 12, 'KPI16', '2025-12-31', 2025, 3.90, 0.0260, '2026-04-02 00:09:34', '2026-04-02 00:09:34'),
(534, 12, 'KPI17', '2025-12-31', 2025, 3.90, 0.0260, '2026-04-02 00:09:34', '2026-04-02 00:09:34'),
(535, 12, 'KPI18', '2025-12-31', 2025, 3.90, 0.0261, '2026-04-02 00:09:34', '2026-04-02 00:09:34'),
(536, 12, 'CC1', '2026-12-31', 2026, 4.25, 0.0283, '2026-04-02 00:09:34', '2026-04-02 00:09:34'),
(537, 12, 'CC2', '2026-12-31', 2026, 4.25, 0.0283, '2026-04-02 00:09:34', '2026-04-02 00:09:34'),
(538, 12, 'CC3', '2026-12-31', 2026, 4.25, 0.0284, '2026-04-02 00:09:34', '2026-04-02 00:09:34'),
(539, 12, 'KPI1', '2026-12-31', 2026, 4.25, 0.0425, '2026-04-02 00:09:34', '2026-04-02 00:09:34'),
(540, 12, 'KPI2', '2026-12-31', 2026, 4.25, 0.0425, '2026-04-02 00:09:34', '2026-04-02 00:09:34'),
(541, 12, 'KPI3', '2026-12-31', 2026, 4.25, 0.0425, '2026-04-02 00:09:34', '2026-04-02 00:09:34'),
(542, 12, 'KPI4', '2026-12-31', 2026, 4.25, 0.0425, '2026-04-02 00:09:34', '2026-04-02 00:09:34'),
(543, 12, 'KPI5', '2026-12-31', 2026, 4.25, 0.0425, '2026-04-02 00:09:34', '2026-04-02 00:09:34'),
(544, 12, 'KPI6', '2026-12-31', 2026, 4.25, 0.0425, '2026-04-02 00:09:34', '2026-04-02 00:09:34'),
(545, 12, 'KPI7', '2026-12-31', 2026, 4.25, 0.0425, '2026-04-02 00:09:34', '2026-04-02 00:09:34'),
(546, 12, 'KPI8', '2026-12-31', 2026, 4.25, 0.0850, '2026-04-02 00:09:34', '2026-04-02 00:09:34'),
(547, 12, 'KPI9', '2026-12-31', 2026, 4.25, 0.0850, '2026-04-02 00:09:34', '2026-04-02 00:09:34'),
(548, 12, 'KPI10', '2026-12-31', 2026, 4.25, 0.0319, '2026-04-02 00:09:34', '2026-04-02 00:09:34'),
(549, 12, 'KPI11', '2026-12-31', 2026, 4.25, 0.0319, '2026-04-02 00:09:34', '2026-04-02 00:09:34'),
(550, 12, 'KPI12', '2026-12-31', 2026, 4.25, 0.0319, '2026-04-02 00:09:34', '2026-04-02 00:09:34'),
(551, 12, 'KPI13', '2026-12-31', 2026, 4.25, 0.0319, '2026-04-02 00:09:34', '2026-04-02 00:09:34'),
(552, 12, 'KPI14', '2026-12-31', 2026, 4.25, 0.0425, '2026-04-02 00:09:34', '2026-04-02 00:09:34'),
(553, 12, 'KPI15', '2026-12-31', 2026, 4.25, 0.0425, '2026-04-02 00:09:34', '2026-04-02 00:09:34'),
(554, 12, 'KPI16', '2026-12-31', 2026, 4.25, 0.0283, '2026-04-02 00:09:34', '2026-04-02 00:09:34'),
(555, 12, 'KPI17', '2026-12-31', 2026, 4.25, 0.0283, '2026-04-02 00:09:34', '2026-04-02 00:09:34'),
(556, 12, 'KPI18', '2026-12-31', 2026, 4.25, 0.0284, '2026-04-02 00:09:34', '2026-04-02 00:09:34'),
(557, 13, 'CC1', '2022-12-31', 2022, 3.60, 0.0240, '2026-04-02 00:09:34', '2026-04-02 00:09:34'),
(558, 13, 'CC2', '2022-12-31', 2022, 3.60, 0.0240, '2026-04-02 00:09:34', '2026-04-02 00:09:34'),
(559, 13, 'CC3', '2022-12-31', 2022, 3.60, 0.0240, '2026-04-02 00:09:34', '2026-04-02 00:09:34'),
(560, 13, 'KPI1', '2022-12-31', 2022, 3.60, 0.0360, '2026-04-02 00:09:34', '2026-04-02 00:09:34'),
(561, 13, 'KPI2', '2022-12-31', 2022, 3.60, 0.0360, '2026-04-02 00:09:34', '2026-04-02 00:09:34'),
(562, 13, 'KPI3', '2022-12-31', 2022, 3.60, 0.0360, '2026-04-02 00:09:34', '2026-04-02 00:09:34'),
(563, 13, 'KPI4', '2022-12-31', 2022, 3.60, 0.0360, '2026-04-02 00:09:34', '2026-04-02 00:09:34'),
(564, 13, 'KPI5', '2022-12-31', 2022, 3.60, 0.0360, '2026-04-02 00:09:34', '2026-04-02 00:09:34'),
(565, 13, 'KPI6', '2022-12-31', 2022, 3.60, 0.0360, '2026-04-02 00:09:34', '2026-04-02 00:09:34'),
(566, 13, 'KPI7', '2022-12-31', 2022, 3.60, 0.0360, '2026-04-02 00:09:34', '2026-04-02 00:09:34'),
(567, 13, 'KPI8', '2022-12-31', 2022, 3.60, 0.0720, '2026-04-02 00:09:34', '2026-04-02 00:09:34'),
(568, 13, 'KPI9', '2022-12-31', 2022, 3.60, 0.0720, '2026-04-02 00:09:34', '2026-04-02 00:09:34'),
(569, 13, 'KPI10', '2022-12-31', 2022, 3.60, 0.0270, '2026-04-02 00:09:34', '2026-04-02 00:09:34'),
(570, 13, 'KPI11', '2022-12-31', 2022, 3.60, 0.0270, '2026-04-02 00:09:34', '2026-04-02 00:09:34'),
(571, 13, 'KPI12', '2022-12-31', 2022, 3.60, 0.0270, '2026-04-02 00:09:34', '2026-04-02 00:09:34'),
(572, 13, 'KPI13', '2022-12-31', 2022, 3.60, 0.0270, '2026-04-02 00:09:34', '2026-04-02 00:09:34'),
(573, 13, 'KPI14', '2022-12-31', 2022, 3.60, 0.0360, '2026-04-02 00:09:34', '2026-04-02 00:09:34'),
(574, 13, 'KPI15', '2022-12-31', 2022, 3.60, 0.0360, '2026-04-02 00:09:34', '2026-04-02 00:09:34'),
(575, 13, 'KPI16', '2022-12-31', 2022, 3.60, 0.0240, '2026-04-02 00:09:34', '2026-04-02 00:09:34'),
(576, 13, 'KPI17', '2022-12-31', 2022, 3.60, 0.0240, '2026-04-02 00:09:34', '2026-04-02 00:09:34'),
(577, 13, 'KPI18', '2022-12-31', 2022, 3.60, 0.0240, '2026-04-02 00:09:34', '2026-04-02 00:09:34'),
(578, 13, 'CC1', '2023-12-31', 2023, 3.40, 0.0226, '2026-04-02 00:09:34', '2026-04-02 00:09:34'),
(579, 13, 'CC2', '2023-12-31', 2023, 3.40, 0.0226, '2026-04-02 00:09:34', '2026-04-02 00:09:34'),
(580, 13, 'CC3', '2023-12-31', 2023, 3.40, 0.0227, '2026-04-02 00:09:34', '2026-04-02 00:09:34'),
(581, 13, 'KPI1', '2023-12-31', 2023, 3.40, 0.0340, '2026-04-02 00:09:34', '2026-04-02 00:09:34'),
(582, 13, 'KPI2', '2023-12-31', 2023, 3.40, 0.0340, '2026-04-02 00:09:34', '2026-04-02 00:09:34'),
(583, 13, 'KPI3', '2023-12-31', 2023, 3.40, 0.0340, '2026-04-02 00:09:34', '2026-04-02 00:09:34'),
(584, 13, 'KPI4', '2023-12-31', 2023, 3.40, 0.0340, '2026-04-02 00:09:34', '2026-04-02 00:09:34'),
(585, 13, 'KPI5', '2023-12-31', 2023, 3.40, 0.0340, '2026-04-02 00:09:34', '2026-04-02 00:09:34'),
(586, 13, 'KPI6', '2023-12-31', 2023, 3.40, 0.0340, '2026-04-02 00:09:34', '2026-04-02 00:09:34'),
(587, 13, 'KPI7', '2023-12-31', 2023, 3.40, 0.0340, '2026-04-02 00:09:34', '2026-04-02 00:09:34'),
(588, 13, 'KPI8', '2023-12-31', 2023, 3.40, 0.0680, '2026-04-02 00:09:34', '2026-04-02 00:09:34'),
(589, 13, 'KPI9', '2023-12-31', 2023, 3.40, 0.0680, '2026-04-02 00:09:34', '2026-04-02 00:09:34'),
(590, 13, 'KPI10', '2023-12-31', 2023, 3.40, 0.0255, '2026-04-02 00:09:34', '2026-04-02 00:09:34'),
(591, 13, 'KPI11', '2023-12-31', 2023, 3.40, 0.0255, '2026-04-02 00:09:34', '2026-04-02 00:09:34'),
(592, 13, 'KPI12', '2023-12-31', 2023, 3.40, 0.0255, '2026-04-02 00:09:34', '2026-04-02 00:09:34'),
(593, 13, 'KPI13', '2023-12-31', 2023, 3.40, 0.0255, '2026-04-02 00:09:34', '2026-04-02 00:09:34'),
(594, 13, 'KPI14', '2023-12-31', 2023, 3.40, 0.0340, '2026-04-02 00:09:34', '2026-04-02 00:09:34'),
(595, 13, 'KPI15', '2023-12-31', 2023, 3.40, 0.0340, '2026-04-02 00:09:34', '2026-04-02 00:09:34'),
(596, 13, 'KPI16', '2023-12-31', 2023, 3.40, 0.0226, '2026-04-02 00:09:34', '2026-04-02 00:09:34'),
(597, 13, 'KPI17', '2023-12-31', 2023, 3.40, 0.0226, '2026-04-02 00:09:34', '2026-04-02 00:09:34'),
(598, 13, 'KPI18', '2023-12-31', 2023, 3.40, 0.0227, '2026-04-02 00:09:34', '2026-04-02 00:09:34'),
(599, 13, 'CC1', '2024-12-31', 2024, 3.70, 0.0246, '2026-04-02 00:09:34', '2026-04-02 00:09:34'),
(600, 13, 'CC2', '2024-12-31', 2024, 3.70, 0.0246, '2026-04-02 00:09:34', '2026-04-02 00:09:34'),
(601, 13, 'CC3', '2024-12-31', 2024, 3.70, 0.0247, '2026-04-02 00:09:34', '2026-04-02 00:09:34'),
(602, 13, 'KPI1', '2024-12-31', 2024, 3.70, 0.0370, '2026-04-02 00:09:34', '2026-04-02 00:09:34');
INSERT INTO `kpi_scores` (`score_id`, `staff_id`, `kpi_code`, `evaluation_date`, `evaluation_year`, `score`, `weighted_score`, `created_at`, `updated_at`) VALUES
(603, 13, 'KPI2', '2024-12-31', 2024, 3.70, 0.0370, '2026-04-02 00:09:34', '2026-04-02 00:09:34'),
(604, 13, 'KPI3', '2024-12-31', 2024, 3.70, 0.0370, '2026-04-02 00:09:34', '2026-04-02 00:09:34'),
(605, 13, 'KPI4', '2024-12-31', 2024, 3.70, 0.0370, '2026-04-02 00:09:34', '2026-04-02 00:09:34'),
(606, 13, 'KPI5', '2024-12-31', 2024, 3.70, 0.0370, '2026-04-02 00:09:34', '2026-04-02 00:09:34'),
(607, 13, 'KPI6', '2024-12-31', 2024, 3.70, 0.0370, '2026-04-02 00:09:34', '2026-04-02 00:09:34'),
(608, 13, 'KPI7', '2024-12-31', 2024, 3.70, 0.0370, '2026-04-02 00:09:34', '2026-04-02 00:09:34'),
(609, 13, 'KPI8', '2024-12-31', 2024, 3.70, 0.0740, '2026-04-02 00:09:34', '2026-04-02 00:09:34'),
(610, 13, 'KPI9', '2024-12-31', 2024, 3.70, 0.0740, '2026-04-02 00:09:34', '2026-04-02 00:09:34'),
(611, 13, 'KPI10', '2024-12-31', 2024, 3.70, 0.0278, '2026-04-02 00:09:34', '2026-04-02 00:09:34'),
(612, 13, 'KPI11', '2024-12-31', 2024, 3.70, 0.0278, '2026-04-02 00:09:34', '2026-04-02 00:09:34'),
(613, 13, 'KPI12', '2024-12-31', 2024, 3.70, 0.0278, '2026-04-02 00:09:34', '2026-04-02 00:09:34'),
(614, 13, 'KPI13', '2024-12-31', 2024, 3.70, 0.0278, '2026-04-02 00:09:34', '2026-04-02 00:09:34'),
(615, 13, 'KPI14', '2024-12-31', 2024, 3.70, 0.0370, '2026-04-02 00:09:34', '2026-04-02 00:09:34'),
(616, 13, 'KPI15', '2024-12-31', 2024, 3.70, 0.0370, '2026-04-02 00:09:34', '2026-04-02 00:09:34'),
(617, 13, 'KPI16', '2024-12-31', 2024, 3.70, 0.0246, '2026-04-02 00:09:34', '2026-04-02 00:09:34'),
(618, 13, 'KPI17', '2024-12-31', 2024, 3.70, 0.0246, '2026-04-02 00:09:34', '2026-04-02 00:09:34'),
(619, 13, 'KPI18', '2024-12-31', 2024, 3.70, 0.0247, '2026-04-02 00:09:34', '2026-04-02 00:09:34'),
(620, 13, 'CC1', '2025-12-31', 2025, 3.00, 0.0200, '2026-04-02 00:09:34', '2026-04-02 00:09:34'),
(621, 13, 'CC2', '2025-12-31', 2025, 3.00, 0.0200, '2026-04-02 00:09:34', '2026-04-02 00:09:34'),
(622, 13, 'CC3', '2025-12-31', 2025, 3.00, 0.0200, '2026-04-02 00:09:34', '2026-04-02 00:09:34'),
(623, 13, 'KPI1', '2025-12-31', 2025, 3.00, 0.0300, '2026-04-02 00:09:34', '2026-04-02 00:09:34'),
(624, 13, 'KPI2', '2025-12-31', 2025, 3.00, 0.0300, '2026-04-02 00:09:34', '2026-04-02 00:09:34'),
(625, 13, 'KPI3', '2025-12-31', 2025, 3.00, 0.0300, '2026-04-02 00:09:34', '2026-04-02 00:09:34'),
(626, 13, 'KPI4', '2025-12-31', 2025, 3.00, 0.0300, '2026-04-02 00:09:34', '2026-04-02 00:09:34'),
(627, 13, 'KPI5', '2025-12-31', 2025, 3.00, 0.0300, '2026-04-02 00:09:34', '2026-04-02 00:09:34'),
(628, 13, 'KPI6', '2025-12-31', 2025, 3.00, 0.0300, '2026-04-02 00:09:34', '2026-04-02 00:09:34'),
(629, 13, 'KPI7', '2025-12-31', 2025, 3.00, 0.0300, '2026-04-02 00:09:34', '2026-04-02 00:09:34'),
(630, 13, 'KPI8', '2025-12-31', 2025, 3.00, 0.0600, '2026-04-02 00:09:34', '2026-04-02 00:09:34'),
(631, 13, 'KPI9', '2025-12-31', 2025, 3.00, 0.0600, '2026-04-02 00:09:34', '2026-04-02 00:09:34'),
(632, 13, 'KPI10', '2025-12-31', 2025, 3.00, 0.0225, '2026-04-02 00:09:34', '2026-04-02 00:09:34'),
(633, 13, 'KPI11', '2025-12-31', 2025, 3.00, 0.0225, '2026-04-02 00:09:34', '2026-04-02 00:09:34'),
(634, 13, 'KPI12', '2025-12-31', 2025, 3.00, 0.0225, '2026-04-02 00:09:34', '2026-04-02 00:09:34'),
(635, 13, 'KPI13', '2025-12-31', 2025, 3.00, 0.0225, '2026-04-02 00:09:34', '2026-04-02 00:09:34'),
(636, 13, 'KPI14', '2025-12-31', 2025, 3.00, 0.0300, '2026-04-02 00:09:34', '2026-04-02 00:09:34'),
(637, 13, 'KPI15', '2025-12-31', 2025, 3.00, 0.0300, '2026-04-02 00:09:34', '2026-04-02 00:09:34'),
(638, 13, 'KPI16', '2025-12-31', 2025, 3.00, 0.0200, '2026-04-02 00:09:34', '2026-04-02 00:09:34'),
(639, 13, 'KPI17', '2025-12-31', 2025, 3.00, 0.0200, '2026-04-02 00:09:34', '2026-04-02 00:09:34'),
(640, 13, 'KPI18', '2025-12-31', 2025, 3.00, 0.0200, '2026-04-02 00:09:34', '2026-04-02 00:09:34'),
(641, 13, 'CC1', '2026-12-31', 2026, 2.75, 0.0183, '2026-04-02 00:09:34', '2026-04-02 00:09:34'),
(642, 13, 'CC2', '2026-12-31', 2026, 2.75, 0.0183, '2026-04-02 00:09:34', '2026-04-02 00:09:34'),
(643, 13, 'CC3', '2026-12-31', 2026, 2.75, 0.0184, '2026-04-02 00:09:34', '2026-04-02 00:09:34'),
(644, 13, 'KPI1', '2026-12-31', 2026, 2.75, 0.0275, '2026-04-02 00:09:34', '2026-04-02 00:09:34'),
(645, 13, 'KPI2', '2026-12-31', 2026, 2.75, 0.0275, '2026-04-02 00:09:34', '2026-04-02 00:09:34'),
(646, 13, 'KPI3', '2026-12-31', 2026, 2.75, 0.0275, '2026-04-02 00:09:34', '2026-04-02 00:09:34'),
(647, 13, 'KPI4', '2026-12-31', 2026, 2.75, 0.0275, '2026-04-02 00:09:34', '2026-04-02 00:09:34'),
(648, 13, 'KPI5', '2026-12-31', 2026, 2.75, 0.0275, '2026-04-02 00:09:34', '2026-04-02 00:09:34'),
(649, 13, 'KPI6', '2026-12-31', 2026, 2.75, 0.0275, '2026-04-02 00:09:34', '2026-04-02 00:09:34'),
(650, 13, 'KPI7', '2026-12-31', 2026, 2.75, 0.0275, '2026-04-02 00:09:34', '2026-04-02 00:09:34'),
(651, 13, 'KPI8', '2026-12-31', 2026, 2.75, 0.0550, '2026-04-02 00:09:34', '2026-04-02 00:09:34'),
(652, 13, 'KPI9', '2026-12-31', 2026, 2.75, 0.0550, '2026-04-02 00:09:34', '2026-04-02 00:09:34'),
(653, 13, 'KPI10', '2026-12-31', 2026, 2.75, 0.0206, '2026-04-02 00:09:34', '2026-04-02 00:09:34'),
(654, 13, 'KPI11', '2026-12-31', 2026, 2.75, 0.0206, '2026-04-02 00:09:34', '2026-04-02 00:09:34'),
(655, 13, 'KPI12', '2026-12-31', 2026, 2.75, 0.0206, '2026-04-02 00:09:34', '2026-04-02 00:09:34'),
(656, 13, 'KPI13', '2026-12-31', 2026, 2.75, 0.0206, '2026-04-02 00:09:34', '2026-04-02 00:09:34'),
(657, 13, 'KPI14', '2026-12-31', 2026, 2.75, 0.0275, '2026-04-02 00:09:34', '2026-04-02 00:09:34'),
(658, 13, 'KPI15', '2026-12-31', 2026, 2.75, 0.0275, '2026-04-02 00:09:34', '2026-04-02 00:09:34'),
(659, 13, 'KPI16', '2026-12-31', 2026, 2.75, 0.0183, '2026-04-02 00:09:34', '2026-04-02 00:09:34'),
(660, 13, 'KPI17', '2026-12-31', 2026, 2.75, 0.0183, '2026-04-02 00:09:34', '2026-04-02 00:09:34'),
(661, 13, 'KPI18', '2026-12-31', 2026, 2.75, 0.0184, '2026-04-02 00:09:34', '2026-04-02 00:09:34'),
(662, 1, 'CC1', '2025-12-31', 2025, 4.60, 0.0306, '2026-04-07 12:06:53', '2026-04-07 12:06:53'),
(663, 1, 'CC2', '2025-12-31', 2025, 4.60, 0.0306, '2026-04-07 12:06:53', '2026-04-07 12:06:53'),
(664, 1, 'CC3', '2025-12-31', 2025, 4.60, 0.0307, '2026-04-07 12:06:53', '2026-04-07 12:06:53'),
(665, 1, 'KPI1', '2025-12-31', 2025, 4.60, 0.0460, '2026-04-07 12:06:53', '2026-04-07 12:06:53'),
(666, 1, 'KPI2', '2025-12-31', 2025, 4.60, 0.0460, '2026-04-07 12:06:53', '2026-04-07 12:06:53'),
(667, 1, 'KPI3', '2025-12-31', 2025, 4.60, 0.0460, '2026-04-07 12:06:53', '2026-04-07 12:06:53'),
(668, 1, 'KPI4', '2025-12-31', 2025, 4.60, 0.0460, '2026-04-07 12:06:53', '2026-04-07 12:06:53'),
(669, 1, 'KPI5', '2025-12-31', 2025, 4.60, 0.0460, '2026-04-07 12:06:53', '2026-04-07 12:06:53'),
(670, 1, 'KPI6', '2025-12-31', 2025, 4.60, 0.0460, '2026-04-07 12:06:53', '2026-04-07 12:06:53'),
(671, 1, 'KPI7', '2025-12-31', 2025, 4.60, 0.0460, '2026-04-07 12:06:53', '2026-04-07 12:06:53'),
(672, 1, 'KPI8', '2025-12-31', 2025, 4.60, 0.0920, '2026-04-07 12:06:53', '2026-04-07 12:06:53'),
(673, 1, 'KPI9', '2025-12-31', 2025, 4.60, 0.0920, '2026-04-07 12:06:53', '2026-04-07 12:06:53'),
(674, 1, 'KPI10', '2025-12-31', 2025, 4.60, 0.0345, '2026-04-07 12:06:53', '2026-04-07 12:06:53'),
(675, 1, 'KPI11', '2025-12-31', 2025, 4.60, 0.0345, '2026-04-07 12:06:53', '2026-04-07 12:06:53'),
(676, 1, 'KPI12', '2025-12-31', 2025, 4.60, 0.0345, '2026-04-07 12:06:53', '2026-04-07 12:06:53'),
(677, 1, 'KPI13', '2025-12-31', 2025, 4.60, 0.0345, '2026-04-07 12:06:53', '2026-04-07 12:06:53'),
(678, 1, 'KPI14', '2025-12-31', 2025, 4.60, 0.0460, '2026-04-07 12:06:53', '2026-04-07 12:06:53'),
(679, 1, 'KPI15', '2025-12-31', 2025, 4.60, 0.0460, '2026-04-07 12:06:53', '2026-04-07 12:06:53'),
(680, 1, 'KPI16', '2025-12-31', 2025, 4.60, 0.0306, '2026-04-07 12:06:53', '2026-04-07 12:06:53'),
(681, 1, 'KPI17', '2025-12-31', 2025, 4.60, 0.0306, '2026-04-07 12:06:53', '2026-04-07 12:06:53'),
(682, 1, 'KPI18', '2025-12-31', 2025, 4.60, 0.0307, '2026-04-07 12:06:53', '2026-04-07 12:06:53'),
(683, 1, 'CC1', '2026-12-31', 2026, 4.60, 0.0306, '2026-04-07 12:06:53', '2026-04-07 12:06:53'),
(684, 1, 'CC2', '2026-12-31', 2026, 4.60, 0.0306, '2026-04-07 12:06:53', '2026-04-07 12:06:53'),
(685, 1, 'CC3', '2026-12-31', 2026, 4.60, 0.0307, '2026-04-07 12:06:53', '2026-04-07 12:06:53'),
(686, 1, 'KPI1', '2026-12-31', 2026, 4.60, 0.0460, '2026-04-07 12:06:53', '2026-04-07 12:06:53'),
(687, 1, 'KPI2', '2026-12-31', 2026, 4.60, 0.0460, '2026-04-07 12:06:53', '2026-04-07 12:06:53'),
(688, 1, 'KPI3', '2026-12-31', 2026, 4.60, 0.0460, '2026-04-07 12:06:53', '2026-04-07 12:06:53'),
(689, 1, 'KPI4', '2026-12-31', 2026, 4.60, 0.0460, '2026-04-07 12:06:53', '2026-04-07 12:06:53'),
(690, 1, 'KPI5', '2026-12-31', 2026, 4.60, 0.0460, '2026-04-07 12:06:53', '2026-04-07 12:06:53'),
(691, 1, 'KPI6', '2026-12-31', 2026, 4.60, 0.0460, '2026-04-07 12:06:53', '2026-04-07 12:06:53'),
(692, 1, 'KPI7', '2026-12-31', 2026, 4.60, 0.0460, '2026-04-07 12:06:53', '2026-04-07 12:06:53'),
(693, 1, 'KPI8', '2026-12-31', 2026, 4.60, 0.0920, '2026-04-07 12:06:53', '2026-04-07 12:06:53'),
(694, 1, 'KPI9', '2026-12-31', 2026, 4.60, 0.0920, '2026-04-07 12:06:53', '2026-04-07 12:06:53'),
(695, 1, 'KPI10', '2026-12-31', 2026, 4.60, 0.0345, '2026-04-07 12:06:53', '2026-04-07 12:06:53'),
(696, 1, 'KPI11', '2026-12-31', 2026, 4.60, 0.0345, '2026-04-07 12:06:53', '2026-04-07 12:06:53'),
(697, 1, 'KPI12', '2026-12-31', 2026, 4.60, 0.0345, '2026-04-07 12:06:53', '2026-04-07 12:06:53'),
(698, 1, 'KPI13', '2026-12-31', 2026, 4.60, 0.0345, '2026-04-07 12:06:53', '2026-04-07 12:06:53'),
(699, 1, 'KPI14', '2026-12-31', 2026, 4.60, 0.0460, '2026-04-07 12:06:53', '2026-04-07 12:06:53'),
(700, 1, 'KPI15', '2026-12-31', 2026, 4.60, 0.0460, '2026-04-07 12:06:53', '2026-04-07 12:06:53'),
(701, 1, 'KPI16', '2026-12-31', 2026, 4.60, 0.0306, '2026-04-07 12:06:53', '2026-04-07 12:06:53'),
(702, 1, 'KPI17', '2026-12-31', 2026, 4.60, 0.0306, '2026-04-07 12:06:53', '2026-04-07 12:06:53'),
(703, 1, 'KPI18', '2026-12-31', 2026, 4.60, 0.0307, '2026-04-07 12:06:53', '2026-04-07 12:06:53'),
(704, 10, 'CC1', '2025-12-31', 2025, 4.60, 0.0306, '2026-04-07 12:06:53', '2026-04-07 12:06:53'),
(705, 10, 'CC2', '2025-12-31', 2025, 4.60, 0.0306, '2026-04-07 12:06:53', '2026-04-07 12:06:53'),
(706, 10, 'CC3', '2025-12-31', 2025, 4.60, 0.0307, '2026-04-07 12:06:53', '2026-04-07 12:06:53'),
(707, 10, 'KPI1', '2025-12-31', 2025, 4.60, 0.0460, '2026-04-07 12:06:53', '2026-04-07 12:06:53'),
(708, 10, 'KPI2', '2025-12-31', 2025, 4.60, 0.0460, '2026-04-07 12:06:53', '2026-04-07 12:06:53'),
(709, 10, 'KPI3', '2025-12-31', 2025, 4.60, 0.0460, '2026-04-07 12:06:53', '2026-04-07 12:06:53'),
(710, 10, 'KPI4', '2025-12-31', 2025, 4.60, 0.0460, '2026-04-07 12:06:53', '2026-04-07 12:06:53'),
(711, 10, 'KPI5', '2025-12-31', 2025, 4.60, 0.0460, '2026-04-07 12:06:53', '2026-04-07 12:06:53'),
(712, 10, 'KPI6', '2025-12-31', 2025, 4.60, 0.0460, '2026-04-07 12:06:53', '2026-04-07 12:06:53'),
(713, 10, 'KPI7', '2025-12-31', 2025, 4.60, 0.0460, '2026-04-07 12:06:53', '2026-04-07 12:06:53'),
(714, 10, 'KPI8', '2025-12-31', 2025, 4.60, 0.0920, '2026-04-07 12:06:53', '2026-04-07 12:06:53'),
(715, 10, 'KPI9', '2025-12-31', 2025, 4.60, 0.0920, '2026-04-07 12:06:53', '2026-04-07 12:06:53'),
(716, 10, 'KPI10', '2025-12-31', 2025, 4.60, 0.0345, '2026-04-07 12:06:53', '2026-04-07 12:06:53'),
(717, 10, 'KPI11', '2025-12-31', 2025, 4.60, 0.0345, '2026-04-07 12:06:53', '2026-04-07 12:06:53'),
(718, 10, 'KPI12', '2025-12-31', 2025, 4.60, 0.0345, '2026-04-07 12:06:53', '2026-04-07 12:06:53'),
(719, 10, 'KPI13', '2025-12-31', 2025, 4.60, 0.0345, '2026-04-07 12:06:53', '2026-04-07 12:06:53'),
(720, 10, 'KPI14', '2025-12-31', 2025, 4.60, 0.0460, '2026-04-07 12:06:53', '2026-04-07 12:06:53'),
(721, 10, 'KPI15', '2025-12-31', 2025, 4.60, 0.0460, '2026-04-07 12:06:53', '2026-04-07 12:06:53'),
(722, 10, 'KPI16', '2025-12-31', 2025, 4.60, 0.0306, '2026-04-07 12:06:53', '2026-04-07 12:06:53'),
(723, 10, 'KPI17', '2025-12-31', 2025, 4.60, 0.0306, '2026-04-07 12:06:53', '2026-04-07 12:06:53'),
(724, 10, 'KPI18', '2025-12-31', 2025, 4.60, 0.0307, '2026-04-07 12:06:53', '2026-04-07 12:06:53'),
(725, 10, 'CC1', '2026-12-31', 2026, 4.60, 0.0306, '2026-04-07 12:06:53', '2026-04-07 12:06:53'),
(726, 10, 'CC2', '2026-12-31', 2026, 4.60, 0.0306, '2026-04-07 12:06:53', '2026-04-07 12:06:53'),
(727, 10, 'CC3', '2026-12-31', 2026, 4.60, 0.0307, '2026-04-07 12:06:53', '2026-04-07 12:06:53'),
(728, 10, 'KPI1', '2026-12-31', 2026, 4.60, 0.0460, '2026-04-07 12:06:53', '2026-04-07 12:06:53'),
(729, 10, 'KPI2', '2026-12-31', 2026, 4.60, 0.0460, '2026-04-07 12:06:53', '2026-04-07 12:06:53'),
(730, 10, 'KPI3', '2026-12-31', 2026, 4.60, 0.0460, '2026-04-07 12:06:53', '2026-04-07 12:06:53'),
(731, 10, 'KPI4', '2026-12-31', 2026, 4.60, 0.0460, '2026-04-07 12:06:53', '2026-04-07 12:06:53'),
(732, 10, 'KPI5', '2026-12-31', 2026, 4.60, 0.0460, '2026-04-07 12:06:53', '2026-04-07 12:06:53'),
(733, 10, 'KPI6', '2026-12-31', 2026, 4.60, 0.0460, '2026-04-07 12:06:53', '2026-04-07 12:06:53'),
(734, 10, 'KPI7', '2026-12-31', 2026, 4.60, 0.0460, '2026-04-07 12:06:53', '2026-04-07 12:06:53'),
(735, 10, 'KPI8', '2026-12-31', 2026, 4.60, 0.0920, '2026-04-07 12:06:53', '2026-04-07 12:06:53'),
(736, 10, 'KPI9', '2026-12-31', 2026, 4.60, 0.0920, '2026-04-07 12:06:53', '2026-04-07 12:06:53'),
(737, 10, 'KPI10', '2026-12-31', 2026, 4.60, 0.0345, '2026-04-07 12:06:53', '2026-04-07 12:06:53'),
(738, 10, 'KPI11', '2026-12-31', 2026, 4.60, 0.0345, '2026-04-07 12:06:53', '2026-04-07 12:06:53'),
(739, 10, 'KPI12', '2026-12-31', 2026, 4.60, 0.0345, '2026-04-07 12:06:53', '2026-04-07 12:06:53'),
(740, 10, 'KPI13', '2026-12-31', 2026, 4.60, 0.0345, '2026-04-07 12:06:53', '2026-04-07 12:06:53'),
(741, 10, 'KPI14', '2026-12-31', 2026, 4.60, 0.0460, '2026-04-07 12:06:53', '2026-04-07 12:06:53'),
(742, 10, 'KPI15', '2026-12-31', 2026, 4.60, 0.0460, '2026-04-07 12:06:53', '2026-04-07 12:06:53'),
(743, 10, 'KPI16', '2026-12-31', 2026, 4.60, 0.0306, '2026-04-07 12:06:53', '2026-04-07 12:06:53'),
(744, 10, 'KPI17', '2026-12-31', 2026, 4.60, 0.0306, '2026-04-07 12:06:53', '2026-04-07 12:06:53'),
(745, 10, 'KPI18', '2026-12-31', 2026, 4.60, 0.0307, '2026-04-07 12:06:53', '2026-04-07 12:06:53'),
(746, 5, 'CC1', '2025-12-31', 2025, 2.60, 0.0173, '2026-04-07 12:06:53', '2026-04-07 12:06:53'),
(747, 5, 'CC2', '2025-12-31', 2025, 2.60, 0.0173, '2026-04-07 12:06:53', '2026-04-07 12:06:53'),
(748, 5, 'CC3', '2025-12-31', 2025, 2.60, 0.0174, '2026-04-07 12:06:53', '2026-04-07 12:06:53'),
(749, 5, 'KPI1', '2025-12-31', 2025, 2.60, 0.0260, '2026-04-07 12:06:53', '2026-04-07 12:06:53'),
(750, 5, 'KPI2', '2025-12-31', 2025, 2.60, 0.0260, '2026-04-07 12:06:53', '2026-04-07 12:06:53'),
(751, 5, 'KPI3', '2025-12-31', 2025, 2.60, 0.0260, '2026-04-07 12:06:53', '2026-04-07 12:06:53'),
(752, 5, 'KPI4', '2025-12-31', 2025, 2.60, 0.0260, '2026-04-07 12:06:53', '2026-04-07 12:06:53'),
(753, 5, 'KPI5', '2025-12-31', 2025, 2.60, 0.0260, '2026-04-07 12:06:53', '2026-04-07 12:06:53'),
(754, 5, 'KPI6', '2025-12-31', 2025, 2.60, 0.0260, '2026-04-07 12:06:53', '2026-04-07 12:06:53'),
(755, 5, 'KPI7', '2025-12-31', 2025, 2.60, 0.0260, '2026-04-07 12:06:53', '2026-04-07 12:06:53'),
(756, 5, 'KPI8', '2025-12-31', 2025, 2.60, 0.0520, '2026-04-07 12:06:53', '2026-04-07 12:06:53'),
(757, 5, 'KPI9', '2025-12-31', 2025, 2.60, 0.0520, '2026-04-07 12:06:53', '2026-04-07 12:06:53'),
(758, 5, 'KPI10', '2025-12-31', 2025, 2.60, 0.0195, '2026-04-07 12:06:53', '2026-04-07 12:06:53'),
(759, 5, 'KPI11', '2025-12-31', 2025, 2.60, 0.0195, '2026-04-07 12:06:53', '2026-04-07 12:06:53'),
(760, 5, 'KPI12', '2025-12-31', 2025, 2.60, 0.0195, '2026-04-07 12:06:53', '2026-04-07 12:06:53'),
(761, 5, 'KPI13', '2025-12-31', 2025, 2.60, 0.0195, '2026-04-07 12:06:53', '2026-04-07 12:06:53'),
(762, 5, 'KPI14', '2025-12-31', 2025, 2.60, 0.0260, '2026-04-07 12:06:53', '2026-04-07 12:06:53'),
(763, 5, 'KPI15', '2025-12-31', 2025, 2.60, 0.0260, '2026-04-07 12:06:53', '2026-04-07 12:06:53'),
(764, 5, 'KPI16', '2025-12-31', 2025, 2.60, 0.0173, '2026-04-07 12:06:53', '2026-04-07 12:06:53'),
(765, 5, 'KPI17', '2025-12-31', 2025, 2.60, 0.0173, '2026-04-07 12:06:53', '2026-04-07 12:06:53'),
(766, 5, 'KPI18', '2025-12-31', 2025, 2.60, 0.0174, '2026-04-07 12:06:53', '2026-04-07 12:06:53'),
(767, 5, 'CC1', '2026-12-31', 2026, 2.60, 0.0173, '2026-04-07 12:06:53', '2026-04-07 12:06:53'),
(768, 5, 'CC2', '2026-12-31', 2026, 2.60, 0.0173, '2026-04-07 12:06:53', '2026-04-07 12:06:53'),
(769, 5, 'CC3', '2026-12-31', 2026, 2.60, 0.0174, '2026-04-07 12:06:53', '2026-04-07 12:06:53'),
(770, 5, 'KPI1', '2026-12-31', 2026, 2.60, 0.0260, '2026-04-07 12:06:53', '2026-04-07 12:06:53'),
(771, 5, 'KPI2', '2026-12-31', 2026, 2.60, 0.0260, '2026-04-07 12:06:53', '2026-04-07 12:06:53'),
(772, 5, 'KPI3', '2026-12-31', 2026, 2.60, 0.0260, '2026-04-07 12:06:53', '2026-04-07 12:06:53'),
(773, 5, 'KPI4', '2026-12-31', 2026, 2.60, 0.0260, '2026-04-07 12:06:53', '2026-04-07 12:06:53'),
(774, 5, 'KPI5', '2026-12-31', 2026, 2.60, 0.0260, '2026-04-07 12:06:53', '2026-04-07 12:06:53'),
(775, 5, 'KPI6', '2026-12-31', 2026, 2.60, 0.0260, '2026-04-07 12:06:53', '2026-04-07 12:06:53'),
(776, 5, 'KPI7', '2026-12-31', 2026, 2.60, 0.0260, '2026-04-07 12:06:53', '2026-04-07 12:06:53'),
(777, 5, 'KPI8', '2026-12-31', 2026, 2.60, 0.0520, '2026-04-07 12:06:53', '2026-04-07 12:06:53'),
(778, 5, 'KPI9', '2026-12-31', 2026, 2.60, 0.0520, '2026-04-07 12:06:53', '2026-04-07 12:06:53'),
(779, 5, 'KPI10', '2026-12-31', 2026, 2.60, 0.0195, '2026-04-07 12:06:53', '2026-04-07 12:06:53'),
(780, 5, 'KPI11', '2026-12-31', 2026, 2.60, 0.0195, '2026-04-07 12:06:53', '2026-04-07 12:06:53'),
(781, 5, 'KPI12', '2026-12-31', 2026, 2.60, 0.0195, '2026-04-07 12:06:53', '2026-04-07 12:06:53'),
(782, 5, 'KPI13', '2026-12-31', 2026, 2.60, 0.0195, '2026-04-07 12:06:53', '2026-04-07 12:06:53'),
(783, 5, 'KPI14', '2026-12-31', 2026, 2.60, 0.0260, '2026-04-07 12:06:53', '2026-04-07 12:06:53'),
(784, 5, 'KPI15', '2026-12-31', 2026, 2.60, 0.0260, '2026-04-07 12:06:53', '2026-04-07 12:06:53'),
(785, 5, 'KPI16', '2026-12-31', 2026, 2.60, 0.0173, '2026-04-07 12:06:53', '2026-04-07 12:06:53'),
(786, 5, 'KPI17', '2026-12-31', 2026, 2.60, 0.0173, '2026-04-07 12:06:53', '2026-04-07 12:06:53'),
(787, 5, 'KPI18', '2026-12-31', 2026, 2.60, 0.0174, '2026-04-07 12:06:53', '2026-04-07 12:06:53'),
(788, 9, 'CC1', '2025-12-31', 2025, 2.60, 0.0173, '2026-04-07 12:06:53', '2026-04-07 12:06:53'),
(789, 9, 'CC2', '2025-12-31', 2025, 2.60, 0.0173, '2026-04-07 12:06:53', '2026-04-07 12:06:53'),
(790, 9, 'CC3', '2025-12-31', 2025, 2.60, 0.0174, '2026-04-07 12:06:53', '2026-04-07 12:06:53'),
(791, 9, 'KPI1', '2025-12-31', 2025, 2.60, 0.0260, '2026-04-07 12:06:53', '2026-04-07 12:06:53'),
(792, 9, 'KPI2', '2025-12-31', 2025, 2.60, 0.0260, '2026-04-07 12:06:53', '2026-04-07 12:06:53'),
(793, 9, 'KPI3', '2025-12-31', 2025, 2.60, 0.0260, '2026-04-07 12:06:53', '2026-04-07 12:06:53'),
(794, 9, 'KPI4', '2025-12-31', 2025, 2.60, 0.0260, '2026-04-07 12:06:53', '2026-04-07 12:06:53'),
(795, 9, 'KPI5', '2025-12-31', 2025, 2.60, 0.0260, '2026-04-07 12:06:53', '2026-04-07 12:06:53'),
(796, 9, 'KPI6', '2025-12-31', 2025, 2.60, 0.0260, '2026-04-07 12:06:53', '2026-04-07 12:06:53'),
(797, 9, 'KPI7', '2025-12-31', 2025, 2.60, 0.0260, '2026-04-07 12:06:53', '2026-04-07 12:06:53'),
(798, 9, 'KPI8', '2025-12-31', 2025, 2.60, 0.0520, '2026-04-07 12:06:53', '2026-04-07 12:06:53'),
(799, 9, 'KPI9', '2025-12-31', 2025, 2.60, 0.0520, '2026-04-07 12:06:53', '2026-04-07 12:06:53'),
(800, 9, 'KPI10', '2025-12-31', 2025, 2.60, 0.0195, '2026-04-07 12:06:53', '2026-04-07 12:06:53'),
(801, 9, 'KPI11', '2025-12-31', 2025, 2.60, 0.0195, '2026-04-07 12:06:53', '2026-04-07 12:06:53'),
(802, 9, 'KPI12', '2025-12-31', 2025, 2.60, 0.0195, '2026-04-07 12:06:53', '2026-04-07 12:06:53'),
(803, 9, 'KPI13', '2025-12-31', 2025, 2.60, 0.0195, '2026-04-07 12:06:53', '2026-04-07 12:06:53'),
(804, 9, 'KPI14', '2025-12-31', 2025, 2.60, 0.0260, '2026-04-07 12:06:53', '2026-04-07 12:06:53'),
(805, 9, 'KPI15', '2025-12-31', 2025, 2.60, 0.0260, '2026-04-07 12:06:53', '2026-04-07 12:06:53'),
(806, 9, 'KPI16', '2025-12-31', 2025, 2.60, 0.0173, '2026-04-07 12:06:53', '2026-04-07 12:06:53'),
(807, 9, 'KPI17', '2025-12-31', 2025, 2.60, 0.0173, '2026-04-07 12:06:53', '2026-04-07 12:06:53'),
(808, 9, 'KPI18', '2025-12-31', 2025, 2.60, 0.0174, '2026-04-07 12:06:53', '2026-04-07 12:06:53'),
(809, 9, 'CC1', '2026-12-31', 2026, 2.60, 0.0173, '2026-04-07 12:06:53', '2026-04-07 12:06:53'),
(810, 9, 'CC2', '2026-12-31', 2026, 2.60, 0.0173, '2026-04-07 12:06:53', '2026-04-07 12:06:53'),
(811, 9, 'CC3', '2026-12-31', 2026, 2.60, 0.0174, '2026-04-07 12:06:53', '2026-04-07 12:06:53'),
(812, 9, 'KPI1', '2026-12-31', 2026, 2.60, 0.0260, '2026-04-07 12:06:53', '2026-04-07 12:06:53'),
(813, 9, 'KPI2', '2026-12-31', 2026, 2.60, 0.0260, '2026-04-07 12:06:53', '2026-04-07 12:06:53'),
(814, 9, 'KPI3', '2026-12-31', 2026, 2.60, 0.0260, '2026-04-07 12:06:53', '2026-04-07 12:06:53'),
(815, 9, 'KPI4', '2026-12-31', 2026, 2.60, 0.0260, '2026-04-07 12:06:53', '2026-04-07 12:06:53'),
(816, 9, 'KPI5', '2026-12-31', 2026, 2.60, 0.0260, '2026-04-07 12:06:53', '2026-04-07 12:06:53'),
(817, 9, 'KPI6', '2026-12-31', 2026, 2.60, 0.0260, '2026-04-07 12:06:53', '2026-04-07 12:06:53'),
(818, 9, 'KPI7', '2026-12-31', 2026, 2.60, 0.0260, '2026-04-07 12:06:53', '2026-04-07 12:06:53'),
(819, 9, 'KPI8', '2026-12-31', 2026, 2.60, 0.0520, '2026-04-07 12:06:53', '2026-04-07 12:06:53'),
(820, 9, 'KPI9', '2026-12-31', 2026, 2.60, 0.0520, '2026-04-07 12:06:53', '2026-04-07 12:06:53'),
(821, 9, 'KPI10', '2026-12-31', 2026, 2.60, 0.0195, '2026-04-07 12:06:53', '2026-04-07 12:06:53'),
(822, 9, 'KPI11', '2026-12-31', 2026, 2.60, 0.0195, '2026-04-07 12:06:53', '2026-04-07 12:06:53'),
(823, 9, 'KPI12', '2026-12-31', 2026, 2.60, 0.0195, '2026-04-07 12:06:53', '2026-04-07 12:06:53'),
(824, 9, 'KPI13', '2026-12-31', 2026, 2.60, 0.0195, '2026-04-07 12:06:53', '2026-04-07 12:06:53'),
(825, 9, 'KPI14', '2026-12-31', 2026, 2.60, 0.0260, '2026-04-07 12:06:53', '2026-04-07 12:06:53'),
(826, 9, 'KPI15', '2026-12-31', 2026, 2.60, 0.0260, '2026-04-07 12:06:53', '2026-04-07 12:06:53'),
(827, 9, 'KPI16', '2026-12-31', 2026, 2.60, 0.0173, '2026-04-07 12:06:53', '2026-04-07 12:06:53'),
(828, 9, 'KPI17', '2026-12-31', 2026, 2.60, 0.0173, '2026-04-07 12:06:53', '2026-04-07 12:06:53'),
(829, 9, 'KPI18', '2026-12-31', 2026, 2.60, 0.0174, '2026-04-07 12:06:53', '2026-04-07 12:06:53');

-- --------------------------------------------------------

--
-- Table structure for table `score_descriptions`
--

CREATE TABLE `score_descriptions` (
  `score_value` int(11) NOT NULL,
  `description` varchar(50) NOT NULL
) ENGINE=InnoDB DEFAULT CHARSET=utf8mb4 COLLATE=utf8mb4_general_ci;

--
-- Dumping data for table `score_descriptions`
--

INSERT INTO `score_descriptions` (`score_value`, `description`) VALUES
(1, 'Very Poor'),
(2, 'Poor'),
(3, 'Satisfactory'),
(4, 'Good'),
(5, 'Excellent');

-- --------------------------------------------------------

--
-- Table structure for table `staff`
--

CREATE TABLE `staff` (
  `staff_id` int(11) NOT NULL,
  `staff_code` varchar(20) NOT NULL,
  `name` varchar(100) NOT NULL,
  `email` varchar(100) DEFAULT NULL,
  `department` varchar(100) DEFAULT NULL,
  `position` varchar(100) DEFAULT 'Sales Assistant',
  `status` enum('Active','Inactive') DEFAULT 'Active',
  `hire_date` date DEFAULT NULL,
  `photo` varchar(100) DEFAULT NULL COMMENT 'Filename in assets/photos/ e.g. Alice_Johnson.jpg',
  `created_at` timestamp NOT NULL DEFAULT current_timestamp()
) ENGINE=InnoDB DEFAULT CHARSET=utf8mb4 COLLATE=utf8mb4_general_ci;

--
-- Dumping data for table `staff`
--

INSERT INTO `staff` (`staff_id`, `staff_code`, `name`, `email`, `department`, `position`, `status`, `hire_date`, `photo`, `created_at`) VALUES
(1, 'SA001', 'Alice Johnson', 'alice.j@store.com', 'Electronics', 'Sales Assistant', 'Active', '2020-01-15', 'Alice_Johnson.jpg', '2020-01-15 01:00:00'),
(2, 'SA002', 'Bob Smith', 'bob.s@store.com', 'Fashion', 'Sales Assistant', 'Active', '2019-06-20', 'Bob_Smith.jpg', '2019-06-20 02:30:00'),
(3, 'SA003', 'Carol Martinez', 'carol.m@store.com', 'Home Goods', 'Sales Assistant', 'Active', '2021-03-10', 'Carol_Martinez.jpg', '2021-03-10 03:15:00'),
(4, 'SA004', 'David Lee', 'david.l@store.com', 'Electronics', 'Sales Assistant', 'Active', '2020-09-05', 'David_Lee.jpg', '2020-09-05 06:20:00'),
(5, 'SA005', 'Emma Wilson', 'emma.w@store.com', 'Fashion', 'Sales Assistant', 'Active', '2022-01-12', 'Emma_Wilson.jpg', '2022-01-12 00:45:00'),
(6, 'SA006', 'Frankie Chong', 'frankie.c@store.com', 'Electronics', 'Sales Assistant', 'Active', '2021-07-18', 'Frankie_Chong.jpg', '2021-07-18 07:30:00'),
(7, 'SA007', 'Grace Taylor', 'grace.t@store.com', 'Home Goods', 'Sales Assistant', 'Active', '2020-11-22', 'Grace_Taylor.jpg', '2020-11-22 02:00:00'),
(8, 'SA008', 'Henry Brown', 'henry.b@store.com', 'Fashion', 'Sales Assistant', 'Active', '2019-04-15', 'Henry_Brown.jpg', '2019-04-15 05:20:00'),
(9, 'SA009', 'Iris Wang', 'iris.w@store.com', 'Electronics', 'Sales Assistant', 'Active', '2021-09-30', 'Iris_Wang.jpg', '2021-09-30 01:45:00'),
(10, 'SA010', 'Jack Miller', 'jack.m@store.com', 'Home Goods', 'Sales Assistant', 'Active', '2020-05-08', 'Jack_Miller.jpg', '2020-05-08 03:30:00'),
(11, 'SA011', 'Karen Davis', 'karen.d@store.com', 'Fashion', 'Sales Assistant', 'Active', '2022-02-14', 'Karen_Davis.jpg', '2022-02-14 06:15:00'),
(12, 'SA012', 'Leo Garcia', 'leo.g@store.com', 'Electronics', 'Sales Assistant', 'Active', '2021-12-01', 'Leo_Garcia.jpg', '2021-12-01 02:20:00'),
(13, 'SA013', 'Maria Rodriguez', 'maria.r@store.com', 'Home Goods', 'Sales Assistant', 'Active', '2020-08-25', 'Maria_Rodriguez.jpg', '2020-08-25 08:00:00');

-- --------------------------------------------------------

--
-- Table structure for table `staff_comments`
--

CREATE TABLE `staff_comments` (
  `comment_id` int(11) NOT NULL,
  `staff_id` int(11) NOT NULL,
  `evaluation_year` int(11) NOT NULL,
  `supervisor_comment` text DEFAULT NULL,
  `training_recommendation` text DEFAULT NULL,
  `supervisor_id` int(11) DEFAULT NULL,
  `created_at` timestamp NOT NULL DEFAULT current_timestamp(),
  `updated_at` timestamp NOT NULL DEFAULT current_timestamp() ON UPDATE current_timestamp()
) ENGINE=InnoDB DEFAULT CHARSET=utf8mb4 COLLATE=utf8mb4_general_ci;

--
-- Dumping data for table `staff_comments`
--

INSERT INTO `staff_comments` (`comment_id`, `staff_id`, `evaluation_year`, `supervisor_comment`, `training_recommendation`, `supervisor_id`, `created_at`, `updated_at`) VALUES
(1, 1, 2022, 'Exceptional performance across all KPIs. Alice consistently exceeds targets and demonstrates strong leadership potential. Ready for advanced training.', NULL, 1, '2026-03-18 04:44:42', '2026-03-18 04:44:42'),
(2, 2, 2022, 'Good sales performance but needs significant improvement in customer service skills. Recommend Customer Service Mastery training program.', NULL, 1, '2026-03-18 04:44:42', '2026-03-18 04:44:42'),
(3, 3, 2022, 'Excellent customer service but struggling with sales targets. Needs focused sales training to improve conversion rates and target achievement.', NULL, 1, '2026-03-18 04:44:42', '2026-03-18 04:44:42'),
(4, 4, 2022, 'Strong in sales and customer service but operational efficiency needs improvement. Recommend Operational Excellence training.', NULL, 2, '2026-03-18 04:44:42', '2026-03-18 04:44:42'),
(5, 5, 2022, 'Inconsistent performance with punctuality issues affecting overall productivity. Time Management training would be beneficial.', NULL, 2, '2026-03-18 04:44:42', '2026-03-18 04:44:42'),
(6, 6, 2022, 'Good all-around performer but lacks product knowledge depth. Advanced Product Knowledge training recommended.', NULL, 2, '2026-03-18 04:44:42', '2026-03-18 04:44:42'),
(7, 7, 2022, 'Strong in customer service and operations but sales targets consistently missed. Sales Excellence Program needed.', NULL, 3, '2026-03-18 04:44:42', '2026-03-18 04:44:42'),
(8, 8, 2022, 'Excellent in most areas but inventory management and cost control need attention. Operational Excellence training recommended.', NULL, 3, '2026-03-18 04:44:42', '2026-03-18 04:44:42'),
(9, 9, 2022, 'Average performer across all categories. Needs comprehensive skill development in multiple areas.', NULL, 3, '2026-03-18 04:44:42', '2026-03-18 04:44:42'),
(10, 10, 2022, 'Outstanding performer with consistent high scores. Demonstrates leadership qualities. Ready for Leadership Fundamentals program.', NULL, 1, '2026-03-18 04:44:42', '2026-03-18 04:44:42'),
(11, 11, 2022, 'Good sales performance but customer service skills need development. Customer Service Mastery training recommended.', NULL, 2, '2026-03-18 04:44:42', '2026-03-18 04:44:42'),
(12, 12, 2022, 'Decent sales but poor operational support and time management. Needs Time Management and Operational Excellence training.', NULL, 2, '2026-03-18 04:44:42', '2026-03-18 04:44:42'),
(13, 13, 2022, 'Well-balanced performer with minor gaps. Continued development in all areas will lead to excellence.', NULL, 3, '2026-03-18 04:44:42', '2026-03-18 04:44:42'),
(14, 2, 2025, 'Good customer interaction skills but needs improvement in handling difficult situations.', 'Customer service excellence training with focus on conflict resolution.', 1, '2026-03-18 05:19:00', '2026-03-18 05:19:00');

-- --------------------------------------------------------

--
-- Table structure for table `supervisors`
--

CREATE TABLE `supervisors` (
  `supervisor_id` int(11) NOT NULL,
  `username` varchar(50) NOT NULL,
  `password` varchar(255) NOT NULL,
  `full_name` varchar(100) NOT NULL,
  `email` varchar(100) NOT NULL,
  `status` enum('Active','Inactive') DEFAULT 'Active',
  `last_login` timestamp NULL DEFAULT NULL,
  `created_at` timestamp NOT NULL DEFAULT current_timestamp(),
  `updated_at` timestamp NOT NULL DEFAULT current_timestamp() ON UPDATE current_timestamp()
) ENGINE=InnoDB DEFAULT CHARSET=utf8mb4 COLLATE=utf8mb4_general_ci;

--
-- Dumping data for table `supervisors`
--

INSERT INTO `supervisors` (`supervisor_id`, `username`, `password`, `full_name`, `email`, `status`, `last_login`, `created_at`, `updated_at`) VALUES
(1, 'admin', 'admin123', 'John Anderson', 'john.anderson@store.com', 'Active', '2026-04-06 23:35:07', '2024-01-15 01:00:00', '2026-04-06 23:35:07'),
(2, 'manager1', 'pass123', 'Sarah Williams', 'sarah.w@store.com', 'Active', NULL, '2024-03-20 03:30:00', '2026-03-18 04:44:41'),
(3, 'super1', 'super123', 'Michael Chen', 'michael.c@store.com', 'Active', NULL, '2024-06-10 05:45:00', '2026-03-18 04:44:41');

--
-- Indexes for dumped tables
--

--
-- Indexes for table `kpi_master`
--
ALTER TABLE `kpi_master`
  ADD PRIMARY KEY (`kpi_id`),
  ADD UNIQUE KEY `kpi_code` (`kpi_code`),
  ADD KEY `idx_kpi_master_section` (`section_number`);

--
-- Indexes for table `kpi_scores`
--
ALTER TABLE `kpi_scores`
  ADD PRIMARY KEY (`score_id`),
  ADD UNIQUE KEY `unique_staff_kpi_year` (`staff_id`,`kpi_code`,`evaluation_year`),
  ADD KEY `kpi_code` (`kpi_code`),
  ADD KEY `idx_kpi_scores_year` (`evaluation_year`),
  ADD KEY `idx_kpi_scores_staff` (`staff_id`);

--
-- Indexes for table `score_descriptions`
--
ALTER TABLE `score_descriptions`
  ADD PRIMARY KEY (`score_value`);

--
-- Indexes for table `staff`
--
ALTER TABLE `staff`
  ADD PRIMARY KEY (`staff_id`),
  ADD UNIQUE KEY `staff_code` (`staff_code`),
  ADD KEY `idx_staff_status` (`status`);

--
-- Indexes for table `staff_comments`
--
ALTER TABLE `staff_comments`
  ADD PRIMARY KEY (`comment_id`),
  ADD UNIQUE KEY `unique_staff_year` (`staff_id`,`evaluation_year`),
  ADD KEY `supervisor_id` (`supervisor_id`),
  ADD KEY `idx_staff_comments_year` (`evaluation_year`);

--
-- Indexes for table `supervisors`
--
ALTER TABLE `supervisors`
  ADD PRIMARY KEY (`supervisor_id`),
  ADD UNIQUE KEY `username` (`username`),
  ADD UNIQUE KEY `email` (`email`);

--
-- AUTO_INCREMENT for dumped tables
--

--
-- AUTO_INCREMENT for table `kpi_master`
--
ALTER TABLE `kpi_master`
  MODIFY `kpi_id` int(11) NOT NULL AUTO_INCREMENT, AUTO_INCREMENT=22;

--
-- AUTO_INCREMENT for table `kpi_scores`
--
ALTER TABLE `kpi_scores`
  MODIFY `score_id` int(11) NOT NULL AUTO_INCREMENT, AUTO_INCREMENT=830;

--
-- AUTO_INCREMENT for table `staff`
--
ALTER TABLE `staff`
  MODIFY `staff_id` int(11) NOT NULL AUTO_INCREMENT, AUTO_INCREMENT=14;

--
-- AUTO_INCREMENT for table `staff_comments`
--
ALTER TABLE `staff_comments`
  MODIFY `comment_id` int(11) NOT NULL AUTO_INCREMENT, AUTO_INCREMENT=15;

--
-- AUTO_INCREMENT for table `supervisors`
--
ALTER TABLE `supervisors`
  MODIFY `supervisor_id` int(11) NOT NULL AUTO_INCREMENT, AUTO_INCREMENT=4;

--
-- Constraints for dumped tables
--

--
-- Constraints for table `kpi_scores`
--
ALTER TABLE `kpi_scores`
  ADD CONSTRAINT `kpi_scores_ibfk_1` FOREIGN KEY (`staff_id`) REFERENCES `staff` (`staff_id`) ON DELETE CASCADE,
  ADD CONSTRAINT `kpi_scores_ibfk_2` FOREIGN KEY (`kpi_code`) REFERENCES `kpi_master` (`kpi_code`);

--
-- Constraints for table `staff_comments`
--
ALTER TABLE `staff_comments`
  ADD CONSTRAINT `staff_comments_ibfk_1` FOREIGN KEY (`staff_id`) REFERENCES `staff` (`staff_id`) ON DELETE CASCADE,
  ADD CONSTRAINT `staff_comments_ibfk_2` FOREIGN KEY (`supervisor_id`) REFERENCES `supervisors` (`supervisor_id`) ON DELETE SET NULL;
COMMIT;

/*!40101 SET CHARACTER_SET_CLIENT=@OLD_CHARACTER_SET_CLIENT */;
/*!40101 SET CHARACTER_SET_RESULTS=@OLD_CHARACTER_SET_RESULTS */;
/*!40101 SET COLLATION_CONNECTION=@OLD_COLLATION_CONNECTION */;
